# derived from nasdaqtrader.com symbol directory; file creation time 2026-08-05T10:02:00
symbol,name,exchange
AAA,Alternative Access First Priority CLO Bond ETF,P
AAAA,Amplius Aggressive Asset Allocation ETF,Z
AAAC,Columbia AAA CLO ETF,P
AAAD,PGIM AAA CLO Aggregate Duration ETF,P
AAAP,Pacer Barings CLO Market Flex ETF,Q
AAAU,Goldman Sachs Physical Gold ETF Shares,Z
AADR,AdvisorShares Dorsey Wright ADR ETF,Q
AAEQ,Alpha Architect US Equity 2 ETF,Q
AALG,Leverage Shares 2X Long AAL Daily ETF,Q
AAOG,Leverage Shares 2X Long AAOI Daily ETF,Z
AAOX,Tradr 2X Long AAOI Daily ETF,Z
AAOZ,Tradr 2X Short AAOI Daily ETF,Z
AAPB,GraniteShares 2x Long AAPL Daily ETF,Q
AAPD,Direxion Daily AAPL Bear 1X ETF,Q
AAPE,Leverage Shares 2X Long AAPL Daily ETF,Z
AAPR,Innovator Equity Defined Protection ETF - 2 Yr to April 2028,Z
AAPU,Direxion Daily AAPL Bull 2X ETF,Q
AAPW,Roundhill AAPL WeeklyPay ETF,Z
AAPX,T-Rex 2X Long Apple Daily Target ETF,Z
AAPY,Kurv Yield Premium Strategy Apple (AAPL) ETF,Z
AAUA,Alpha Architect US Equity 3 ETF,Z
AAUB,Alpha Architect US Equity 4 ETF,Q
AAUS,Alpha Architect US Equity ETF,Q
AAVM,Alpha Architect Global Factor Equity ETF,Q
AAXJ,iShares MSCI All Country Asia ex Japan ETF,Q
ABCS,Alpha Blue Capital US Small-Mid Cap Dynamic ETF,Q
ABEQ,Absolute Select Value ETF,P
ABFL,Abacus FCF Leaders ETF,Z
ABI,VictoryShares Pioneer Asset-Based Income ETF,Q
ABIG,Argent Large Cap ETF,Q
ABLD,Abacus FCF Real Assets Leaders ETF,Z
ABLG,Abacus FCF International Leaders ETF,Z
ABLS,Abacus FCF Small Cap Leaders ETF,Z
ABOT,Abacus FCF Innovation Leaders ETF,Z
ABUF,Aptus Laddered Buffer ETF,Z
ABXB,Abacus Flexible Bond Leaders ETF,Z
ACEI,Innovator Equity Autocallable Income Strategy ETF,P
ACEP,ARS Core Equity Portfolio ETF,Q
ACES,ALPS Clean Energy ETF,P
ACGO,Hartford Alpha Capture Growth ETF,Z
ACGR,American Century Large Cap Growth ETF,P
ACHX,Corgi ACHR 2x Daily ETF,Z
ACII,Innovator Index Autocallable Income Strategy ETF,P
ACIO,Aptus Collared Investment Opportunity ETF,Z
ACKY,VistaShares Target 15 ACKtivist Distribution ETF,P
ACLC,American Century Large Cap Equity ETF,P
ACLO,TCW AAA CLO ETF,N
ACLZ,Corgi ACLS 2x Daily ETF,Z
ACMM,Corgi ACMR 2x Daily ETF,Z
ACOM,Harbor Active Commodity ETF,P
ACSG,American Century Small Cap Growth Insights ETF,Z
ACSI,American Customer Satisfaction ETF,Z
ACSV,American Century Small Cap Value Insights ETF,Z
ACTS,FIS Tactical Equity ETF,P
ACVF,American Conservative Values ETF,P
ACVT,Advent Convertible Bond ETF,P
ACVU,Hartford Alpha Capture Value ETF,Z
ACWI,iShares MSCI ACWI ETF,Q
ACWV,iShares MSCI Global Min Vol Factor ETF,Z
ACWX,iShares MSCI ACWI ex U.S. ETF,Q
ACYN,FT Vest Laddered Autocallable Barrier & Income ETF,P
ACYQ,FT Vest Autocallable Barrier & High Income ETF,P
ACYS,FT Vest Laddered Autocallable Barrier & Resilient Income ETF,P
ADBG,Leverage Shares 2X Long ADBE Daily ETF,Q
ADBU,Direxion Daily ADBE Bull 2X ETF,P
ADDS,Hedgeye Index Adds ETF,P
ADIU,Leverage Shares 2X Long ADI Daily ETF,Z
ADIV,Guinness Atkinson Asia Pacific Dividend Builder ETF,P
ADME,Aptus Drawdown Managed Equity ETF,Z
ADPV,Adaptiv Select ETF,P
ADVE,Matthews Asia Dividend Active ETF,P
AEHG,Leverage Shares 2X Long AEHR Daily ETF,Z
AESR,Anfield U.S. Equity Sector Rotation ETF,Z
AETH,Bitwise Trendwise Ether and Treasuries Rotation Strategy ETF,P
AFGR,First Trust Multi-Manager Large Growth ETF,P
AFIF,Anfield Universal Fixed Income ETF,Z
AFIX,Allspring Broad Market Core Bond ETF,P
AFK,VanEck Africa Index ETF,P
AFLG,First Trust Active Factor Large Cap ETF,P
AFMC,First Trust Active Factor Mid Cap ETF,P
AFOS,ARS Focused Opportunity Strategy ETF,Q
AFRU,T-REX 2X Long AFRM Daily Target ETF,Z
AFSC,abrdn Focused U.S. Small Cap Active ETF,Q
AFSM,First Trust Active Factor Small Cap ETF,P
AGEM,abrdn Emerging Markets Dividend Active ETF,Q
AGG,iShares Core U.S. Aggregate Bond ETF,P
AGGA,EA Astoria Beacon Dynamic Core US Fixed Income ETF,Q
AGGH,Simplify Aggregate Bond ETF,P
AGGS,Harbor Disciplined Bond ETF,P
AGGY,WisdomTree Yield Enhanced U.S. Aggregate Bond Fund,P
AGIQ,SoFi Agentic AI ETF,P
AGIX,KraneShares Public-Private AI & Technology ETF,Q
AGMI,Themes Silver Miners ETF,Q
AGNG,Global X Aging Population ETF,Q
AGOX,Adaptive Alpha Opportunities ETF,P
AGQ,ProShares Ultra Silver,P
AGQI,First Trust Active Global Quality Income ETF,P
AGRH,iShares Interest Rate Hedged U.S. Aggregate Bond ETF,P
AGRW,Allspring LT Large Growth ETF,P
AGZ,iShares  Agency Bond ETF,P
AGZD,WisdomTree Interest Rate Hedged U.S. Aggregate Bond Fund,Q
AHD,GraniteShares Autocallable HOOD ETF,Q
AHLT,AHL Trend ETF,P
AHYB,American Century Select High Yield ETF,P
AIA,iShares Asia 50 ETF,Q
AIBD,Direxion Daily AI and Big Data Bear 2X ETF,P
AIBU,Direxion Daily AI and Big Data Bull 2X ETF,P
AIEQ,Amplify AI Powered Equity ETF,P
AIFD,TCW Artificial Intelligence ETF,Q
AIHY,Defiance AI Hyperscale Leaders ETF,P
AIMS,Acuitas Small Cap Active ETF,Q
AINP,Allspring Income Plus ETF,P
AINT,FINQ DOLLAR NEUTRAL U.S. Large Cap AI-Managed Equity ETF,P
AIOO,AllianzIM U.S. Equity Buffer100 Protection ETF,Z
AIPI,REX AI Equity Premium Income ETF,Q
AIPO,Defiance AI & Power Infrastructure ETF,Q
AIQ,Global X Artificial Intelligence & Technology ETF,Q
AIQD,MicroSectors -3? Short Artificial Intelligence (AI) ETNs,P
AIQU,MicroSectors 3? Long Artificial Intelligence (AI) ETNs,P
AIRR,First Trust RBA American Industrial Renaissance ETF,Q
AIS,VistaShares Artificial Intelligence Supercycle ETF,P
AIUP,FINQ FIRST U.S. Large Cap AI-Managed Equity ETF,P
AIVC,Amplify Bloomberg AI Equal Weight ETF,P
AIVI,WisdomTree International AI Enhanced Value Fund,P
AIVL,WisdomTree U.S. AI Enhanced Value Fund,P
AIX,Defiance US 100 Tech AI Moat ETF,Q
AIYY,YieldMax AI Option Income Strategy ETF,P
AJAN,Innovator Equity Defined Protection ETF - 2 Yr to January 2028,Z
AJUL,Innovator Equity Defined Protection ETF - 2 Yr to July 2026,Z
AKAF,The Frontier Economic Fund,N
AKRE,Akre Focus ETF,P
ALA,Corgi ALAB 2x Daily ETF,Z
ALAI,Alger AI Enablers & Adopters ETF,P
ALBG,Leverage Shares 2X Long ALB Daily ETF,Q
ALDB,Aptus Laddered Deep Buffer ETF,Z
ALIL,Argent Focused Small Cap ETF,Q
ALLW,State Street Bridgewater All Weather ETF,Q
ALRG,Allspring LT Large Core ETF,P
ALTL,Pacer Lunt Large Cap Alternator ETF,P
ALTY,Global X Alternative Income ETF,Q
AMA,Defiance Daily Target 2X Long AMAT ETF,Q
AMAA,Corgi AMZN 2x Daily ETF,Z
AMAU,Leverage Shares 2X Long AMAT Daily ETF,Z
AMAX,Adaptive Hedged Multi-Asset Income ETF,P
AMDC,Corgi AMD 2x Daily ETF,Z
AMDD,Direxion Daily AMD Bear 1X ETF,Q
AMDG,Leverage Shares 2X Long AMD Daily ETF,Q
AMDL,GraniteShares 2x Long AMD Daily ETF,Q
AMDW,Roundhill AMD WeeklyPay ETF,Z
AMDY,Yieldmax AMD Option Income Strategy ETF,P
AMEI,Amana Equity Income ETF,Q
AMEM,Amana Developing World ETF,Q
AMGR,Amana Growth ETF,Q
AMHI,American Beacon Aberdeen Municipal High Income ETF,P
AMID,Argent Mid Cap ETF,Q
AMJB,Alerian MLP Index ETN,P
AMKL,Defiance Daily Target 2X Long AMKR ETF,Z
AMKX,Corgi AMKR 2x Daily ETF,Z
AMLP,Alerian MLP ETF,P
AMMO,VistaShares Defense Supercycle ETF,P
AMOM,QRAFT AI-Enhanced U.S. Large Cap Momentum ETF,P
AMPU,Defiance Daily Target 2X Long AMPX ETF,Z
AMUN,abrdn Ultra Short Municipal Income Active ETF,Q
AMUU,Direxion Daily AMD Bull 2X ETF,Q
AMYY,GraniteShares YieldBOOST AMD ETF,Q
AMZA,InfraCap MLP ETF,P
AMZD,Direxion Daily AMZN Bear 1X ETF,Q
AMZG,Leverage Shares 2X Long AMZN Daily ETF,Z
AMZO,Tradr 2X Short AMZN Daily ETF,Z
AMZP,Kurv Yield Premium Strategy Amazon (AMZN) ETF,Z
AMZU,Direxion Daily AMZN Bull 2X ETF,Q
AMZW,Roundhill AMZN WeeklyPay ETF,Z
AMZY,YieldMax AMZN Option Income Strategy ETF,P
AMZZ,GraniteShares 2x Long AMZN Daily ETF,Q
ANEL,Defiance Daily Target 2x Long ANET ETF,Q
ANEW,ProShares MSCI Transformational Changes ETF,P
ANGL,VanEck Fallen Angel High Yield Bond ETF,Q
ANV,GraniteShares Autocallable NVDA ETF,Q
AOA,iShares Core 80/20 Aggressive Allocation ETF,P
AOCT,Innovator Equity Defined Protection ETF - 2 Yr to October 2026,Z
AOHY,Angel Oak High Yield Opportunities ETF,Q
AOK,iShares Core 30/70 Conservative Allocation ETF,P
AOM,iShares Core 40/60 Moderate Allocation ETF,P
AOR,iShares Core 60/40 Balanced Allocation ETF,P
AOTG,AOT Growth and Innovation ETF,Q
AOTS,AOT Software Platform ETF,P
APCB,ActivePassive Core Bond ETF,P
APDB,Aptus April Deep Buffer ETF,Z
APHG,Leverage Shares 2X Long APH Daily ETF,Z
APHU,T-REX 2X Long APH Daily Target ETF,Z
APIE,ActivePassive International Equity ETF,P
APLU,Allspring Core Plus ETF,P
APLX,Tradr 2X Long APLD Daily ETF,Z
APLY,YieldMax AAPL Option Income Strategy ETF,P
APLZ,Tradr 2X Short APLD Daily ETF,Z
APMI,Corgi AMAT 2x Daily ETF,Z
APMU,ActivePassive Intermediate Municipal Bond ETF,P
APOC,Innovator Equity Defined Protection ETF - 6mo Apr/Oct,Z
APPC,Corgi APP 2x Daily ETF,Z
APPX,Tradr 2X Long APP Daily ETF,Q
APRB,Aptus April Buffer ETF,Z
APRH,Innovator Premium Income 20 Barrier ETF - April,Z
APRJ,Innovator Premium Income 30 Barrier ETF - April,Z
APRP,PGIM S&P 500 Buffer 12 ETF - April,Z
APRT,AllianzIM U.S. Large Cap Buffer10 Apr ETF,Z
APRW,AllianzIM U.S. Large Cap Buffer20 Apr ETF,Z
APRZ,TrueShares Structured Outcome (April) ETF,Z
APUE,ActivePassive U.S. Equity ETF,P
APXM,FT Vest U.S. Equity Max Buffer ETF - April,Z
AQEC,AQE Core ETF,Z
AQLG,HCM Large Cap Growth ETF,Q
AQLT,iShares MSCI Global Quality Factor ETF,Z
AQWA,Global X Clean Water ETF,Q
ARB,AltShares Merger Arbitrage ETF,P
ARCM,Arrow Reserve Capital Management ETF,Z
ARCP,Aristotle Core Plus Income ETF,P
ARCX,Tradr 2X Long ACHR Daily ETF,Z
ARGT,Global X MSCI Argentina ETF,P
ARKB,ARK 21Shares Bitcoin ETF,Z
ARKD,ARK DIET Q1 Buffer ETF,Z
ARKE,ARK DIET Q3 Buffer ETF,Z
ARKF,ARK Blockchain & Fintech Innovation ETF,Z
ARKG,ARK Genomic Revolution ETF,Z
ARKI,ARK DIET Q2 Buffer ETF,Z
ARKK,ARK Innovation ETF,Z
ARKQ,ARK Autonomous Technology & Robotics ETF,Z
ARKT,ARK DIET Q4 Buffer ETF,Z
ARKW,ARK Next Generation Internet ETF,Z
ARKX,ARK Space & Defense Innovation ETF,Z
ARLI,AllianzIM International Equity Buffer15 Uncapped Apr ETF,Z
ARLU,AllianzIM U.S. Equity Buffer15 Uncapped Apr ETF,Z
ARMA,Corgi ARM 2x Daily ETF,Z
ARMG,Leverage Shares 2X Long ARM Daily ETF,Q
ARMH,Arm Holdings PLC ADRhedged,P
ARMS,Aristotle Multi-Sector Income ETF,P
ARMW,Roundhill ARM WeeklyPay ETF,Z
ARMY,Tema International Defense ETF,Q
ARP,PMV Adaptive Risk Parity ETF,P
ARTY,iShares Future AI & Tech ETF,P
ARVR,First Trust Indxx Metaverse ETF,Q
ARWG,Archer Growth ETF,Z
ASCE,Allspring SMID Core ETF,P
ASCI,abrdn International Small Cap Active ETF,Q
ASD,Defiance Autism Impact ETF,Q
ASEA,Global X FTSE Southeast Asia ETF,P
ASEC,American Century Securitized Credit ETF,Q
ASGM,Virtus AlphaSimplex Global Macro ETF,P
ASHR,Xtrackers Harvest CSI 300 China A-Shares ETF,P
ASHS,Xtrackers Harvest CSI 500 China A-Shares Small Cap ETF,P
ASIA,Matthews Pacific Tiger Active ETF,P
ASLV,Allspring Special Large Value ETF,P
ASMF,Virtus AlphaSimplex Managed Futures ETF,P
ASMG,Leverage Shares 2X Long ASML Daily ETF,Q
ASMH,ASML Holding NV ADRhedged,P
ASMU,Direxion Daily ASML Bull 2X ETF,Q
ASMZ,Corgi ASML 2x Daily ETF,Z
ASTG,Leverage Shares 2X Long ASTS Daily ETF,Z
ASTN,Defiance Daily Target 2X Short ASTS ETF,Z
ASTT,Corgi ASTS 2x Daily ETF,Z
ASTX,Tradr 2X Long ASTS Daily ETF,Z
ASTY,Defiance Daily Target 2X Long ASTS ETF,Z
ASUP,T-REX 2X Long ASTS Daily Target ETF,Z
ATC,GraniteShares Autocallable COIN ETF,Q
ATCL,REX Autocallable Income ETF,P
ATFV,Alger 35 ETF,P
ATTR,Arin Tactical Tail Risk ETF,Z
AUAU,Global X Gold Miners ETF,P
AUGC,Corgi U.S. Equities 10% Structured Buffer ETF - August Series,Z
AUGM,FT Vest U.S. Equity Max Buffer ETF - August,Z
AUGP,PGIM S&P 500 Buffer 12 ETF - August,Z
AUGT,AllianzIM U.S. Large Cap Buffer10 Aug ETF,Z
AUGU,AllianzIM U.S. Equity Buffer15 Uncapped Aug ETF,Z
AUGW,AllianzIM U.S. Large Cap Buffer20 Aug ETF,Z
AUGZ,TrueShares Structured Outcome (August) ETF,Z
AUMI,Themes Gold Miners ETF,Q
AUSF,Global X Adaptive U.S. Factor ETF,P
AUSM,Allspring Ultra Short Municipal ETF,P
AV,Corgi Aerospace & Commercial Aviation ETF,Z
AVAZ,2x Avalanche ETF,Z
AVDE,Avantis International Equity ETF,P
AVDS,Avantis International Small Cap Equity ETF,P
AVDV,Avantis International Small Cap Value ETF,P
AVEE,Avantis Emerging Markets Small Cap Equity ETF,P
AVEM,Avantis Emerging Markets Equity ETF,P
AVES,Avantis Emerging Markets Value ETF,P
AVGB,Avantis Credit ETF,Q
AVGC,Corgi AVGO 2x Daily ETF,Z
AVGE,Avantis All Equity Markets ETF,P
AVGG,Leverage Shares 2X Long AVGO Daily ETF,Q
AVGU,GraniteShares 2x Long AVGO Daily ETF,Q
AVGV,Avantis All Equity Markets Value ETF,P
AVGW,Roundhill AVGO WeeklyPay ETF,Z
AVGX,Defiance Daily Target 2X Long AVGO ETF,Q
AVIE,Avantis Inflation Focused Equity ETF,P
AVIG,Avantis Core Fixed Income ETF,P
AVIV,Avantis International Large Cap Value ETF,P
AVL,Direxion Daily AVGO Bull 2X ETF,Q
AVLC,Avantis U.S. Large Cap Equity ETF,P
AVLV,Avantis U.S. Large Cap Value ETF,P
AVMA,Avantis Moderate Allocation ETF,P
AVMC,Avantis U.S. Mid Cap Equity ETF,P
AVMU,Avantis Core Municipal Fixed Income ETF,P
AVMV,Avantis U.S. Mid Cap Value ETF,P
AVNM,Avantis All International Markets Equity ETF,P
AVNV,Avantis All International Markets Value ETF,P
AVOS,Avos Global Equities ETF,Q
AVRE,Avantis Real Estate ETF,P
AVRY,Avory Foundational ETF,Z
AVS,Direxion Daily AVGO Bear 1X ETF,Q
AVSC,Avantis U.S Small Cap Equity ETF,P
AVSD,Avantis Responsible International Equity ETF,P
AVSE,Avantis Responsible Emerging Markets Equity ETF,P
AVSF,Avantis Short-Term Fixed Income ETF,P
AVSU,Avantis Responsible U.S. Equity ETF,P
AVTM,Avantis Total Equity Markets ETF,P
AVUQ,Avantis U.S. Quality ETF,Q
AVUS,Avantis U.S. Equity ETF,P
AVUV,Avantis U.S. Small Cap Value ETF,P
AVXC,Avantis Emerging Markets ex-China Equity ETF,Q
AVXX,Defiance Daily Target 2x Long AVAV ETF,Q
AWAY,Amplify Travel Tech ETF,P
AXTC,Corgi AXTI 2x Daily ETF,Z
AXTL,Leverage Shares 2X Long AXTI Daily ETF,Z
AXTU,T-REX 2X Long AXTI Daily Target ETF,Z
AXTX,Tradr 2X Long AXTI Daily ETF,Z
AZTD,Aztlan Global Stock Selection DM SMID ETF,P
AZYY,GraniteShares YieldBoost AMZN ETF,Q
BAB,Invesco Taxable Municipal Bond ETF,P
BABC,Corgi BABA 2x Daily ETF,Z
BABO,YieldMax BABA Option Income Strategy ETF,P
BABU,Direxion Daily BABA Bull 2X ETF,Q
BABW,Roundhill BABA WeeklyPay ETF,Z
BABX,GraniteShares 2x Long BABA Daily ETF,Q
BAFE,Brown Advisory Flexible Equity ETF,Q
BAGX,EA Bridgeway Aggressive Investors ETF,Z
BAGY,Amplify Bitcoin Max Income Covered Call ETF,Z
BAI,iShares A.I. Innovation and Tech Active ETF,P
BAIG,Leverage Shares 2X Long BBAI Daily ETF,Q
BAIV,Brown Advisory International Value Select ETF,Q
BALI,iShares U.S. Large Cap Premium Income Active ETF,Z
BALQ,iShares Nasdaq Premium Income Active ETF,Q
BALT,Innovator Defined Wealth Shield ETF,Z
BAMA,Brookstone Active ETF,Z
BAMB,Brookstone Intermediate Bond ETF,Z
BAMD,Brookstone Dividend Stock ETF,Z
BAMG,Brookstone Growth Stock ETF,Z
BAMO,Brookstone Opportunities ETF,Z
BAMU,Brookstone Ultra-Short Bond ETF,Z
BAMV,Brookstone Value Stock ETF,Z
BAMY,Brookstone Yield ETF,Z
BAPR,Innovator U.S. Equity Buffer ETF - April,Z
BASG,Brown Advisory Sustainable Growth ETF,Q
BASV,Brown Advisory Sustainable Value ETF,Q
BATT,Amplify Lithium & Battery Technology ETF,P
BAUG,Innovator U.S. Equity Buffer ETF - August,Z
BAVA,Common Shares of Beneficial Interest of Bitwise Avalanche ETF,P
BAY,Corgi Bay Area Based ETF,Z
BBAG,JPMorgan BetaBuilders U.S. Aggregate Bond ETF,Z
BBAX,JPMorgan BetaBuilders Developed Asia Pacific-ex Japan ETF,Z
BBB,CYBER HORNET S&P 500 and Bitcoin 75/25 Strategy ETF,Q
BBBI,BondBloxx BBB Rated 5-10 Year Corporate Bond ETF,P
BBBL,BondBloxx BBB Rated 10+ Year Corporate Bond ETF,P
BBBS,BondBloxx BBB Rated 1-5 Year Corporate Bond ETF,P
BBC,Virtus Biotech Clinical Trials ETF,P
BBCA,JPMorgan BetaBuilders Canada ETF,Z
BBCB,JPMorgan BetaBuilders USD Investment Grade Corporate Bond ETF,Z
BBEM,JPMorgan BetaBuilders Emerging Markets Equity ETF,Z
BBEU,JPMorgan BetaBuilders Europe ETF,Z
BBH,VanEck Biotech ETF,Q
BBHL,BBH Select Large Cap ETF,P
BBHM,BBH Select Mid Cap ETF,P
BBHY,JPMorgan BetaBuilders USD High Yield Corporate Bond ETF,Z
BBIB,JPMorgan BetaBuilders U.S. Treasury Bond 3-10 Year ETF,Z
BBIN,JPMorgan BetaBuilders International Equity ETF,Z
BBJP,JPMorgan BetaBuilders Japan ETF,Z
BBLB,JPMorgan BetaBuilders U.S. Treasury Bond 20+ Year ETF,Z
BBLU,EA Bridgeway Blue Chip ETF,P
BBMC,JPMorgan BetaBuilders U.S. Mid Cap Equity ETF,Z
BBP,Virtus Biotech ETF,P
BBRE,JPMorgan BetaBuilders MSCI U.S. REIT ETF,Z
BBSB,JPMorgan BetaBuilders U.S. Treasury Bond 1-3 Year ETF,Z
BBSC,JPMorgan BetaBuilders U.S. Small Cap Equity ETF,Z
BBUL,GraniteShares 2x Long BB Daily ETF,Q
BBUS,JPMorgan BetaBuilders U.S. Equity ETF,Z
BBYY,GraniteShares YieldBOOST BABA ETF,Q
BCCC,Global X Bitcoin Covered Call ETF,Z
BCD,abrdn Bloomberg All Commodity Longer Dated Strategy K-1 Free ETF,P
BCDF,Horizon Kinetics Blockchain Development ETF,P
BCEM,Baron Emerging Markets Select ETF,N
BCFN,Baron Financials ETF,Q
BCGD,Baron Global Durable Advantage ETF,N
BCGS,Bancreek Global Select ETF,P
BCHI,GMO Beyond China ETF,P
BCHP,Principal Focused Blue Chip ETF,Z
BCI,abrdn Bloomberg All Commodity Strategy K-1 Free ETF,P
BCIL,Bancreek International Large Cap ETF,P
BCKT,LifeX 2030 Income Bucket ETF,Z
BCLO,iShares BBB-B CLO Active ETF,Q
BCOR,Grayscale Bitcoin Adopters ETF,P
BCPL,BNY Mellon Core Plus ETF,P
BCSM,Baron SMID Cap ETF,N
BCTK,Baron Technology ETF,Q
BCUS,Bancreek U.S. Large Cap ETF,P
BD,Russell Investments Core Plus Bond ETF,P
BDBT,Bluemonte Core Bond ETF,P
BDCX,"ETRACS Quarterly Pay 1.5x Leveraged MarketVector BDC Liquid Index ETN due June 10, 2050",P
BDEC,Innovator U.S. Equity Buffer ETF - December,Z
BDGS,Bridges Capital Tactical ETF,Q
BDIV,AAM Brentview Dividend Growth ETF,P
BDRY,Breakwave Dry Bulk Shipping ETF,P
BDVG,IMGP Berkshire Dividend Growth ETF,P
BDVL,iShares Disciplined Volatility Equity Active ETF,Q
BDYN,iShares Dynamic Equity Active ETF,Q
BEC,Corgi BE 2x Daily ETF,Z
BEDY,BNY Mellon Enhanced Dividend and Income ETF,Q
BEDZ,AdvisorShares Hotel ETF,P
BEEX,The Beehive ETF,Q
BEEZ,Honeytree U.S. Equity ETF,Q
BEG,Leverage Shares 2x Long BE Daily ETF,Q
BEGS,Rareview 2x Bull Cryptocurrency & Precious Metals ETF,Z
BELT,iShares U.S. Select Equity Active ETF,Q
BEMB,iShares J.P. Morgan Broad USD Emerging Markets Bond ETF,Z
BENJ,Horizon Landmark ETF,P
BERZ,MicroSectors FANG & Innovation -3x Inverse Leveraged ETN,P
BESF,Bastion Energy ETF,Z
BESO,GSR Crypto Core3 ETF,Q
BETE,ProShares Bitcoin & Ether Equal Weight ETF,P
BETH,ProShares Bitcoin & Ether Market Cap Weight ETF,P
BETZ,Roundhill Sports Betting & iGaming ETF,P
BEX,Tradr 2X Long BE Daily ETF,Z
BEZ,Tradr 2X Short BE Daily ETF,Z
BFAP,FT Vest Bitcoin Strategy Floor15 ETF April,P
BFEB,Innovator U.S. Equity Buffer ETF - February,Z
BFEW,FT Vest Laddered U.S. Equity Equal Weight Buffer ETF,Z
BFIX,Build Bond Innovation ETF,P
BFJA,FT Vest Bitcoin Strategy Floor15 ETF - January,P
BFJL,FT Vest Bitcoin Strategy Floor15 ETF July,P
BFLB,BufferLABS US Equity Dynamic Buffer ETF,Z
BFLX,iShares Flexible Equity Active ETF,Q
BFOC,FT Vest Bitcoin Strategy Floor15 ETF - October,P
BFOR,Barron's 400 ETF,P
BFRZ,Innovator Equity Managed 100 Buffer ETF,P
BFXU,FT Vest Laddered U.S. Equity Uncapped Accelerator ETF,Z
BGCG,Baillie Gifford International Concentrated Growth ETF,Q
BGDV,Bahl & Gaynor Dividend ETF,P
BGEG,Baillie Gifford Emerging Markets ETF,Q
BGFI,BNY Mellon Global Fixed Income ETF,Z
BGGG,Baillie Gifford Long Term Global Growth ETF,Q
BGIA,Baillie Gifford International Alpha ETF,Q
BGIG,Bahl & Gaynor Income Growth ETF,P
BGLD,FT Vest Gold Strategy Quarterly Buffer ETF,Z
BGRN,iShares USD Green Bond ETF,Q
BGRO,iShares Large Cap Growth Active ETF,Q
BGUS,Baillie Gifford U.S. Equity Growth ETF,Q
BHDG,Nicholas Bitcoin Tail ETF,Q
BHYB,Xtrackers USD High Yield BB-B ex Financials ETF,Z
BHYP,Common Shares of Beneficial Interest of Bitwise Hyperliquid ETF,P
BIB,ProShares Ultra Nasdaq Biotechnology,Q
BIBL,Inspire 100 ETF,P
BIDD,iShares International Dividend Active ETF,P
BIDG,Leverage Shares 2X Long BIDU Daily ETF,Q
BIGY,YieldMax Target 12 Big 50 Option Income ETF,P
BIL,State Street SPDR Bloomberg 1-3 Month T-Bill ETF,P
BILD,Nomura Global Listed Infrastructure ETF,P
BILS,State Street SPDR Bloomberg 3-12 Month T-Bill ETF,P
BILT,iShares Infrastructure Active ETF,Z
BILZ,PIMCO Ultra Short Government Active Exchange-Traded Fund,P
BINC,iShares Flexible Income Active ETF,P
BINT,Bluemonte Global Equity ETF,P
BINV,Brandes International ETF,Z
BIOY,GraniteShares YieldBOOST Biotech ETF,Q
BIS,ProShares UltraShort Nasdaq Biotechnology,Q
BITA,iShares Bitcoin Premium Income ETF,Q
BITB,Bitwise Bitcoin ETF,P
BITC,Bitwise Trendwise Bitcoin and Treasuries Rotation Strategy ETF,P
BITI,ProShares Short Bitcoin ETF,P
BITO,ProShares Bitcoin ETF,P
BITQ,Bitwise Crypto Industry Innovators ETF,P
BITS,Global X Blockchain & Bitcoin Strategy ETF,Q
BITU,ProShares Ultra Bitcoin ETF,P
BITW,Common Shares of Beneficial Interest,P
BITX,2x Bitcoin ETF,Z
BITY,Amplify Bitcoin 2% Monthly Option Income ETF,Z
BIV,Vanguard Intermediate-Term Bond ETF,P
BIZD,VanEck BDC Income ETF,P
BJAN,Innovator U.S. Equity Buffer ETF - January,Z
BJUL,Innovator U.S. Equity Buffer ETF - July,Z
BJUN,Innovator U.S. Equity Buffer ETF - June,Z
BKAG,BNY Mellon Core Bond ETF,P
BKCG,BNY Mellon Concentrated Growth ETF,P
BKCH,Global X Blockchain ETF,Q
BKCI,BNY Mellon Concentrated International ETF,P
BKDV,BNY Mellon Dynamic Value ETF,P
BKEM,BNY Mellon Emerging Markets Equity ETF,P
BKF,iShares MSCI BIC ETF,P
BKFI,BNY Mellon Active Core Bond ETF,P
BKGI,BNY Mellon Global Infrastructure Income ETF,Z
BKHY,BNY Mellon High Yield ETF,P
BKIE,BNY Mellon International Equity ETF,P
BKLC,BNY Mellon US Large Cap Core Equity ETF,P
BKLG,BNY Mellon US Large Cap Equity Growth ETF,P
BKLN,Invesco Senior Loan ETF,P
BKMC,BNY Mellon US Mid Cap Core Equity ETF,P
BKMI,BNY Mellon Municipal Intermediate ETF,Q
BKMS,BNY Mellon Municipal Short Duration ETF,Q
BKSE,BNY Mellon US Small Cap Core Equity ETF,P
BKUI,BNY Mellon Ultra Short Income ETF,P
BLCK,Corgi Crypto Infrastructure ETF,Z
BLCR,iShares Large Cap Core Active ETF,Q
BLCV,iShares Large Cap Value Active ETF,P
BLDG,Cambria Global Real Estate ETF,Z
BLDX,Impax Global Sustainable Infrastructure ETF,P
BLES,Inspire Global Hope ETF,P
BLGR,Bluemonte Large Cap Growth ETF,P
BLOK,Amplify Blockchain Technology ETF,P
BLOX,Nicholas Crypto Income ETF,P
BLSG,Leverage Shares 2X Long BLSH Daily ETF,Q
BLST,Bluemonte Short Term Bond ETF,P
BLTD,Bluemonte Long Term Bond ETF,P
BLUC,Bluemonte Large Cap Core ETF,P
BLUI,Bluemonte Diversified Income ETF,P
BLUX,Bluemonte Dynamic Total Market ETF,P
BLV,Vanguard Long-Term Bond ETF,P
BMAR,Innovator U.S. Equity Buffer ETF - March,Z
BMAY,Innovator U.S. Equity Buffer ETF - May,Z
BMED,iShares Health Innovation Active ETF,P
BMNG,Leverage Shares 2X Long BMNR Daily ETF,Q
BMNU,T-REX 2X Long BMNR Daily Target ETF,Z
BMNZ,Defiance Daily Target 2X Short BMNR ETF,P
BMOP,BNY Mellon Municipal Opportunities ETF,Q
BMSI,BNY Mellon Muti-Sector Income ETF,Z
BMVP,Invesco Bloomberg MVP Multi-factor ETF,P
BNAV,Amplify Fairlead Tactical Bitcoin ETF,Z
BND,Vanguard Total Bond Market ETF,Q
BNDC,FlexShares Core Select Bond Fund,P
BNDD,Quadratic Deflation ETF,P
BNDI,NEOS Enhanced Income Aggregate Bond ETF,P
BNDP,Vanguard Core-Plus Bond Index ETF,Q
BNDS,Infrastructure Capital Bond Income ETF,P
BNDW,Vanguard Total World Bond ETF,Q
BNDX,Vanguard Total International Bond ETF,Q
BNDY,Horizon Core Bond ETF,Z
BNGE,First Trust S-Network Streaming and Gaming ETF,P
BNKD,"MicroSectors U.S. Big Banks -3 Inverse Leveraged ETNs due February 17, 2045",P
BNKU,"MicroSectors U.S. Big Banks 3 Leveraged ETNs due February 17, 2045",P
BNMC,Corgi BMNR 2x Daily ETF,Z
BNO,"United States Brent Oil Fund, LP ETV",P
BNOV,Innovator U.S. Equity Buffer ETF - November,Z
BOAT,SonicShares Global Shipping ETF,P
BOBP,CORE16 Best of Breed Premier Index ETF,P
BOCT,Innovator U.S. Equity Buffer ETF - October,Z
BOEG,Leverage Shares 2X Long BA Daily ETF,Q
BOEU,Direxion Daily BA Bull 2X ETF,Q
BOIL,ProShares Ultra Bloomberg Natural Gas,P
BOND,PIMCO Active Bond Exchange-Traded Fund Exchange-Traded Fund,N
BOTT,Themes Humanoid Robotics ETF,Q
BOTZ,Global X Robotics & Artificial Intelligence ETF,Q
BOUT,CapForce IBD Breakout Opportunities ETF,P
BOXA,Alpha Architect Aggregate Bond ETF,Z
BOXX,Alpha Architect 1-3 Month Box ETF,Z
BPAY,iShares FinTech Active ETF,P
BPH,BP plc ADRhedged,P
BPI,Grayscale Bitcoin Premium Income ETF,P
BPRO,Bitwise Proficio Currency Debasement ETF,P
BRAZ,Global X Brazil Active ETF,P
BRCE,MFS Blended Research Core Equity ETF,N
BREE,MFS Blended Research Emerging Markets Equity ETF,N
BREM,iShares Emerging Markets Bond Active ETF,Q
BRES,Burney U.S. Equity Select ETF,Q
BREW,Corgi Coffee & Energy Drinks ETF,Z
BRF,VanEck Brazil Small-Cap ETF,P
BRHY,iShares High Yield Active ETF,Q
BRIB,FIS Bright Portfolios Core Bond ETF,P
BRIE,MFS Blended Research International Equity ETF,N
BRIF,FIS Bright Portfolios Focused Equity ETF,P
BRKC,YieldMax BRK.B Option Income Strategy ETF,P
BRKL,Corgi BRKB 2x Daily ETF,Z
BRKU,Direxion Daily BRKB Bull 2X ETF,Q
BRKW,Roundhill BRKB WeeklyPay ETF,Z
BRLN,iShares Floating Rate Loan Active ETF,Z
BRNY,Burney U.S. Factor Rotation ETF,Q
BROL,Baron Risk Optimized Large Cap ETF,N
BRRR,Coinshares Bitcoin ETF,Q
BRSM,MFS Blended Research Small-Mid Cap ETF,P
BRSV,EA Bridgeway Select Small-Cap Value ETF,Z
BRTR,iShares Total Return Active ETF,Q
BRZU,Direxion Daily Brazil Bull 2X ETF,P
BRZX,Corgi Brazil 2x Daily ETF,Z
BSCA,Invesco BulletShares 2036 Corporate Bond ETF,Q
BSCQ,Invesco BulletShares 2026 Corporate Bond ETF,Q
BSCR,Invesco BulletShares 2027 Corporate Bond ETF,Q
BSCS,Invesco BulletShares 2028 Corporate Bond ETF,Q
BSCT,Invesco BulletShares 2029 Corporate Bond ETF,Q
BSCU,Invesco BulletShares 2030 Corporate Bond ETF,Q
BSCV,Invesco BulletShares 2031 Corporate Bond ETF,Q
BSCW,Invesco BulletShares 2032 Corporate Bond ETF,Q
BSCX,Invesco BulletShares 2033 Corporate Bond ETF,Q
BSCY,Invesco BulletShares 2034 Corporate Bond ETF,Q
BSCZ,Invesco BulletShares 2035 Corporate Bond ETF,Q
BSEP,Innovator U.S. Equity Buffer ETF - September,Z
BSGR,Invesco BulletShares 2027 Treasury Bond ETF,Q
BSGT,Invesco BulletShares 2029 Treasury Bond ETF,Q
BSJQ,Invesco BulletShares 2026 High Yield Corporate Bond ETF,Q
BSJR,Invesco BulletShares 2027 High Yield Corporate Bond ETF,Q
BSJS,Invesco BulletShares 2028 High Yield Corporate Bond ETF,Q
BSJT,Invesco BulletShares 2029 High Yield Corporate Bond ETF,Q
BSJU,Invesco BulletShares 2030 High Yield Corporate Bond ETF,Q
BSJV,Invesco BulletShares 2031 High Yield Corporate Bond ETF,Q
BSJW,Invesco BulletShares 2032 High Yield Corporate Bond ETF,Q
BSJX,Invesco BulletShares 2033 High Yield Corporate Bond ETF,Q
BSJY,Invesco BulletShares 2034 High Yield Corporate Bond ETF,Q
BSMC,Brandes U.S. Small-Mid Cap Value ETF,Z
BSMQ,Invesco BulletShares 2026 Municipal Bond ETF,Q
BSMR,Invesco BulletShares 2027 Municipal Bond ETF,Q
BSMS,Invesco BulletShares 2028 Municipal Bond ETF,Q
BSMT,Invesco BulletShares 2029 Municipal Bond ETF,Q
BSMU,Invesco BulletShares 2030 Municipal Bond ETF,Q
BSMV,Invesco BulletShares 2031 Municipal Bond ETF,Q
BSMW,Invesco BulletShares 2032 Municipal Bond ETF,Q
BSMY,Invesco BulletShares 2034 Municipal Bond ETF,Q
BSMZ,Invesco BulletShares 2035 Municipal Bond ETF,Q
BSOL,Bitwise Solana Staking ETF,P
BSR,Beacon Unified Catalyst ETF,P
BSSX,Invesco BulletShares 2033 Municipal Bond ETF,Q
BSTP,Innovator Buffer Step-Up Strategy ETF,P
BSTS,Invesco BulletShares 2028 Treasury Bond ETF,Q
BSTU,Invesco BulletShares 2030 Treasury Bond ETF,Q
BSTV,Invesco BulletShares 2031 Treasury Bond ETF,Q
BSV,Vanguard Short-Term Bond ETF,P
BSVO,EA Bridgeway Omni Small-Cap Value ETF,Q
BTAL,AGF U.S. Market Neutral Anti-Beta Fund,P
BTC,Grayscale Bitcoin Mini Trust (BTC),P
BTCC,Grayscale Bitcoin Covered Call ETF,P
BTCI,NEOS Bitcoin High Income ETF,Z
BTCK,7RCC Spot Bitcoin and Carbon Credit Futures ETF,P
BTCL,T-Rex 2X Long Bitcoin Daily Target ETF,Z
BTCO,Invesco Galaxy Bitcoin ETF,Z
BTCU,Direxion Daily Bitcoin Bull 2X ETF,P
BTCW,WisdomTree Bitcoin Fund,Z
BTCZ,T-Rex 2X Inverse Bitcoin Daily Target ETF,Z
BTDL,GraniteShares 2x Long BTDR Daily ETF,Q
BTF,CoinShares Bitcoin and Ether ETF,Q
BTGD,STKd 100% Bitcoin & 100% Gold ETF,Q
BTOT,iShares Total USD Fixed Income Market ETF,P
BTR,Beacon Tactical Risk ETF,P
BTRN,Global X Bitcoin Trend Strategy ETF,P
BUCK,Simplify Treasury Option Income ETF,P
BUFB,Innovator Laddered Allocation Buffer ETF,Z
BUFC,AB Conservative Buffer ETF,Q
BUFD,FT Vest Laddered Deep Buffer ETF,Z
BUFE,FT Vest Laddered Emerging Markets Buffer ETF,Z
BUFF,Innovator Laddered Allocation Power Buffer ETF,Z
BUFG,FT Vest Buffered Allocation Growth ETF,Z
BUFH,FT Vest Laddered Max Buffer ETF,Z
BUFI,AB International Buffer ETF,Q
BUFM,AB Moderate Buffer ETF,Q
BUFP,PGIM Laddered S&P 500 Buffer 12 ETF,Z
BUFQ,FT Vest Laddered Nasdaq Buffer ETF,Z
BUFR,FT Vest Laddered Buffer ETF,Z
BUFS,FT Vest Laddered Small Cap Moderate Buffer ETF,Z
BUFT,FT Vest Buffered Allocation Defensive ETF,Z
BUFX,FT Vest Laddered Enhance & Moderate Buffer ETF,Z
BUFY,FT Vest Laddered International Moderate Buffer ETF,Z
BUFZ,FT Vest Laddered Moderate Buffer ETF,Z
BUG,Global X Cybersecurity ETF,Q
BUL,Pacer US Cash Cows Growth ETF,P
BULD,Pacer BlueStar Engineering the Future ETF,Q
BULG,Leverage Shares 2X Long BULL Daily ETF,Q
BULZ,MicroSectors FANG & Innovation 3x Leveraged ETN,P
BUSA,Brandes U.S. Value ETF,Z
BUSM,EA Bridgeway Ultra-Small Company Market ETF,Z
BUXX,Strive Enhanced Income Short Maturity ETF,N
BUYB,ProShares S&P 500 Buyback Aristocrats ETF,P
BUYO,KraneShares Man Buyout Beta Index ETF,P
BUYW,Main BuyWrite ETF,Z
BUYZ,Franklin Disruptive Commerce ETF,Z
BUZZ,VanEck Social Sentiment ETF,P
BVAL,Bluemonte Large Cap Value ETF,P
BWET,Breakwave Tanker Shipping ETF,P
BWOW,Bitwise Dogecoin ETF,P
BWQG,BWM Quality Growth ETF,Z
BWTG,Brendan Wood TopGun Index ETF,Z
BWX,State Street SPDR Bloomberg International Treasury Bond ETF,P
BWZ,State Street SPDR Bloomberg Short Term International Treasury Bond ETF,P
BYLD,iShares Yield Optimized Bond ETF,P
BYRE,Principal Real Estate Active Opportunities ETF,P
BZQ,ProShares UltraShort MSCI Brazil Capped,P
BZZ,Corgi Drones & Urban Air Mobility ETF,Z
CAAA,First Trust AAA CMBS ETF,P
CABZ,"Roundhill Robotaxi, Autonomous Vehicles & Technology ETF",Z
CAFG,Pacer US Small Cap Cash Cows Growth Leaders ETF,Q
CAFX,Congress Intermediate Bond ETF,P
CAGE,Calamos Autocallable Growth ETF,P
CAIE,Calamos Autocallable Income ETF,P
CAIQ,Calamos Nasdaq Autocallable Income ETF,Q
CALF,Pacer US Small Cap Cash Cows ETF,Z
CALI,iShares Short-Term California Muni Active ETF,Q
CAM,AB California Intermediate Municipal ETF,P
CAMC,Corgi CAMT 2x Daily ETF,Z
CAML,Congress Large Cap Growth ETF,P
CAMX,Cambiar Aggressive Value ETF,P
CANC,Tema Oncology ETF,Q
CANE,Teucrium Sugar Fund ETV,P
CANQ,Calamos Nasdaq Equity & Income ETF,Q
CAOS,Alpha Architect Tail Risk ETF,Z
CAPE,DoubleLine Shiller CAPE U.S. Equities ETF,P
CARD,MAX Auto Industry -3x Inverse Leveraged ETN,P
CARK,CastleArk Large Growth ETF,P
CARU,MAX Auto Industry 3x Leveraged ETN,P
CARX,Corgi CART 2x Daily ETF,Z
CARY,Angel Oak Income ETF,Q
CARZ,First Trust S-Network Future Vehicles & Technology ETF,Q
CAS,Simplify China A Shares PLUS Income ETF,P
CATF,American Century California Municipal Bond ETF,P
CATG,Leverage Shares 2X Long CAT Daily ETF,Z
CATH,Global X S&P 500 Catholic Values ETF,Q
CAUG,Corgi U.S. Equities 15% Structured Buffer ETF - August Series,Z
CBIL,Corgi 3-12 Month T-Bill ETF,Z
CBLS,Clough Hedged Equity ETF,P
CBOA,Calamos Bitcoin Structured Alt Protection ETF - April,Z
CBOJ,Calamos Bitcoin Structured Alt Protection ETF - January,Z
CBOL,Calamos Laddered Bitcoin Structured Alt Protection ETF,Z
CBON,VanEck China Bond ETF,P
CBOO,Calamos Bitcoin Structured Alt Protection ETF - October,Z
CBOT,Corgi Robots & Humanoids ETF,Z
CBOX,Calamos Tax-Aware Collateral ETF,Z
CBOY,Calamos Bitcoin Structured Alt Protection ETF - July,Z
CBRG,Leverage Shares 2X Long CBRS Daily ETF,Z
CBRX,Tradr 2X Long CBRS Daily ETF,Z
CBRZ,Tradr 2X Short CBRS Daily ETF,Z
CBSE,Clough Select Equity ETF,P
CBTA,Calamos Bitcoin 80 Series Structured Alt Protection ETF - April,Z
CBTJ,Calamos Bitcoin 80 Series Structured Alt Protection ETF - January,Z
CBTL,Calamos Laddered Bitcoin 80 Series Structured Alt Protection ETF,Z
CBTO,Calamos Bitcoin 80 Series Structured Alt Protection ETF - October,Z
CBTY,Calamos Bitcoin 80 Series Structured Alt Protection ETF - July,Z
CBXA,Calamos Bitcoin 90 Series Structured Alt Protection ETF - April,Z
CBXJ,Calamos Bitcoin 90 Series Structured Alt Protection ETF - January,Z
CBXL,Calamos Laddered Bitcoin 90 Series Structured Alt Protection ETF,Z
CBXO,Calamos Bitcoin 90 Series Structured Alt Protection ETF - October,Z
CBXY,Calamos Bitcoin 90 Series Structured Alt Protection ETF - July,Z
CCEF,Calamos CEF Income & Arbitrage ETF,P
CCFE,Concourse Capital Focused Equity ETF,Q
CCNR,ALPS/CoreCommodity Natural Resources ETF,Q
CCOM,Simplify Chinese Commodities Strategy No K-1 ETF,P
CCOR,Core Alternative ETF,P
CCPX,Corgi China 2x Daily ETF,Z
CCRP,Columbia Corporate Bond ETF,P
CCSB,Carbon Collective Short Duration Green Bond ETF,Q
CCSO,Carbon Collective Climate Solutions U.S. Equity ETF,Q
CCUP,T-REX 2X Long CRCL Daily Target ETF,Z
CDC,VictoryShares US EQ Income Enhanced Volatility Wtd ETF,Q
CDEI,"Calvert US Large-Cap Diversity, Equity and Inclusion Index ETF",P
CDIG,City Different Investments Global Equity ETF,Q
CDL,VictoryShares US Large Cap High Div Volatility Wtd ETF,Q
CDNG,Leverage Shares 2X Long CDNS Daily ETF,Z
CDPI,Columbia High Dividend Premium Income ETF,P
CDX,Simplify High Yield ETF,P
CEF,Sprott Physical Gold and Silver Trust Units,P
CEFA,Global X S&P Catholic Values Developed ex-U.S. ETF,Q
CEFD,ETRACS Monthly Pay 1.5X Leveraged Closed-End Fund Index ETN,P
CEFS,Saba Closed-End Funds ETF,Z
CEFZ,RiverNorth Active Income ETF,Z
CEGX,Tradr 2X Long CEG Daily ETF,Z
CEMB,iShares J.P. Morgan EM Corporate Bond ETF,Z
CEPI,REX Crypto Equity Premium Income ETF,Q
CERY,State Street SPDR Bloomberg Enhanced Roll Yield Commodity Strategy No K-1 ETF,P
CEW,WisdomTree Emerging Currency Strategy Fund,P
CFA,VictoryShares US 500 Volatility Wtd ETF,Q
CFIT,Cambria Fixed Income Trend ETF,Z
CFO,VictoryShares US 500 Enhanced Volatility Wtd ETF,Q
CGBL,Capital Group Core Balanced ETF,P
CGCB,Capital Group Core Bond ETF,P
CGCP,Capital Group Core Plus Income ETF,P
CGCV,Capital Group Conservative Equity ETF,P
CGDG,Capital Group Dividend Growers ETF,P
CGDV,Capital Group Dividend Value ETF,P
CGGE,Capital Group Global Equity ETF,P
CGGG,Capital Group U.S. Large Growth ETF,P
CGGO,Capital Group Global Growth Equity ETF,P
CGGR,Capital Group Growth ETF,P
CGHM,Capital Group Municipal High-Income ETF,P
CGHY,Capital Group High Yield Bond ETF,P
CGIB,Capital Group International Bond ETF (USD-Hedged),P
CGIC,Capital Group International Core Equity ETF,P
CGIE,Capital Group International Equity ETF,P
CGMM,Capital Group U.S. Small and Mid Cap ETF,P
CGMS,Capital Group U.S. Multi-Sector Income ETF,P
CGMU,Capital Group Municipal Income ETF,P
CGNG,Capital Group New Geography Equity ETF,P
CGOV,Corgi 0-3 Month T-Bill ETF,Z
CGRO,CoreValues Alpha Greater China Growth ETF,P
CGSD,Capital Group Short Duration Income ETF,P
CGSM,Capital Group Short Duration Municipal Income ETF,P
CGUI,Capital Group Ultra Short Income ETF,P
CGUS,Capital Group Core Equity ETF,P
CGV,Conductor Global Equity Value ETF,N
CGVV,Capital Group U.S. Large Value ETF,P
CGW,Invesco S&P Global Water Index ETF,P
CGXU,Capital Group International Focus Equity ETF,P
CHAT,Roundhill Generative AI & Technology ETF,P
CHAU,Direxion Daily CSI 300 China A Share Bull 2X ETF,P
CHDG,Calamos Active Hedged Equity ETF,Z
CHGX,Stance Sustainable Beta ETF,Q
CHIQ,Global X MSCI China Consumer Discretionary ETF,P
CHNL,Chainlink ETF,Z
CHNU,2x Chainlink ETF,Z
CHPS,Xtrackers Semiconductor Select Equity ETF,Q
CHPX,Global X AI Semiconductor & Quantum ETF,Q
CHPY,YieldMax Semiconductor Portfolio Option Income ETF,P
CHRI,Global X S&P 500 Christian Values ETF,Q
CHYG,Corgi 0-5 Year High Yield Corporate Bond ETF,Z
CIBR,First Trust NASDAQ Cybersecurity ETF,Q
CIEG,Leverage Shares 2X Long CIEN Daily ETF,Z
CIEI,Corgi 3-7 Year Treasury Bond ETF,Z
CIEX,Tradr 2X Long CIEN Daily ETF,Z
CIFC,Corgi CIFR 2x Daily ETF,Z
CIFG,Leverage Shares 2X Long CIFR Daily ETF,Q
CIFU,T-REX 2X Long CIFR Daily Target ETF,Z
CIR,Corgi CRCL 2x Daily ETF,Z
CIVG,Corgi 1-5 Year Investment Grade Corporate Bond ETF,Z
CJUL,Corgi U.S. Equities 15% Structured Buffer ETF - July Series,Z
CJUN,Corgi U.S. Equities 15% Structured Buffer ETF - June Series,Z
CLCG,Crossmark Large Cap Growth ETF,P
CLCV,Crossmark Large Cap Value ETF,P
CLIM,Climate Global - Climate Resilient REIT Index ETF,P
CLIP,Global X 1-3 Month T-Bill ETF,P
CLIX,ProShares Long Online/Short Stores ETF,P
CLNK,Common Shares of Beneficial Interest of Bitwise Chainlink ETF,P
CLOA,iShares AAA CLO Active ETF,Q
CLOB,VanEck AA-BB CLO ETF,P
CLOC,AAM Crescent CLO ETF,P
CLOD,Themes Cloud Computing ETF,Q
CLOI,VanEck CLO ETF,P
CLOO,NYLI Investment Grade CLO ETF,P
CLOU,Global X Cloud Computing ETF,Q
CLOX,Eldridge AAA CLO ETF,P
CLOZ,Eldridge BBB-B CLO ETF,P
CLSE,Convergence Long/Short Equity ETF,Z
CLSM,ETC Cabana Target Leading Sector Moderate ETF,Q
CLSX,Tradr 2X Long CLSK Daily ETF,Z
CLUB,Billionaires Club ETF,P
CMAG,Corgi Mag 7 ETF,Z
CMAY,Corgi U.S. Equities 15% Structured Buffer ETF - May Series,Z
CMBO,Wayfinder Dynamic U.S. Interest Rate ETF,Q
CMBS,iShares CMBS Bond ETF,P
CMCI,VanEck CMCI Commodity Strategy ETF,Z
CMDT,PIMCO Commodity Strategy Active Exchange-Traded Fund,P
CMDY,iShares Bloomberg Roll Select Commodity Strategy ETF,P
CMF,iShares California Muni Bond ETF,P
CNAV,Mohr Company Nav ETF,Z
CNBS,Amplify Seymour Cannabis ETF,P
CNEQ,Alger Concentrated Equity ETF,P
CNQQ,Rayliant-ChinaAMC Transformative China Tech ETF,Q
CNRG,State Street SPDR S&P Kensho Clean Power ETF,P
CNXT,VanEck ChiNext Innovators ETF,P
CNYA,iShares MSCI China A ETF,Z
COAL,Range Global Coal Index ETF,P
COHC,Corgi COHR 2x Daily ETF,Z
COHH,Leverage Shares 2X Long COHR Daily ETF,Z
COHX,Tradr 2X Long COHR Daily ETF,Z
COIA,ProShares Ultra COIN,P
COIG,Leverage Shares 2X Long COIN Daily ETF,Q
COIW,Roundhill COIN WeeklyPay ETF,Z
COIX,Corgi COIN 2x Daily ETF,Z
COLO,Global X MSCI Colombia ETF,P
COM,Direxion Auspice Broad Commodity Strategy ETF,P
COMB,GraniteShares Bloomberg Commodity Broad Strategy No K-1 ETF,P
COMD,Global X Commodity Strategy ETF,Z
COMT,iShares GSCI Commodity Dynamic Roll Strategy ETF,Q
CONI,GraniteShares 2x Short COIN Daily ETF,Q
CONL,GraniteShares 2x Long COIN Daily ETF,Q
CONX,Direxion Daily COIN Bull 2X ETF,Q
CONY,YieldMax COIN Option Income Strategy ETF,P
COPA,Themes Copper Miners ETF,Z
COPJ,Sprott Junior Copper Miners ETF,Q
COPP,Sprott Copper Miners ETF,Q
COPX,Global X Copper Miners ETF,P
COPY,"Tweedy, Browne Insider + Value ETF",P
COPZ,Defiance Daily Target 2X Long Copper Miners ETF,P
CORB,AB Core Bond ETF,P
CORD,T-REX 2X Inverse CRWV Daily Target ETF,Z
CORN,Teucrium Corn Fund ETV,P
CORO,iShares International Country Rotation Active ETF,Q
CORP,PIMCO Investment Grade Corporate Bond Index Exchange-Traded Fund,P
COSW,Roundhill COST WeeklyPay ETF,Z
COTG,Leverage Shares 2X Long COST Daily ETF,Q
COWG,Pacer US Large Cap Cash Cows Growth Leaders ETF,Q
COWS,Amplify Cash Flow Dividend Leaders ETF,Q
COWZ,Pacer US Cash Cows 100 ETF,Z
COYY,GraniteShares YieldBOOST COIN ETF,Q
COZX,Tradr 2X Long CORZ Daily ETF,Z
CPAG,F/m Compoundr U.S. Aggregate Bond ETF,Q
CPAI,Counterpoint Quantitative Equity ETF,N
CPER,United States Copper Index Fund ETV,P
CPHY,F/m Compoundr High Yield Bond ETF,Q
CPII,American Beacon Ionic Inflation Protection ETF,P
CPLB,NYLI MacKay Core Plus Bond ETF,P
CPLS,AB Core Plus Bond ETF,Q
CPNJ,Calamos Nasdaq - 100 Structured Alt Protection ETF -June,P
CPNM,Calamos Nasdaq-100 Structured Alt Protection ETF - March,P
CPNQ,Calamos Nasdaq-100 Structured Alt Protection ETF December,P
CPNS,Calamos Nasdaq-100 Structured Alt Protection ETF  September,P
CPNX,Tradr 2X Long CPNG Daily ETF,Z
CPRA,Calamos Russell 2000 Structured Alt Protection ETF - April,P
CPRJ,Calamos Russell 2000 Structured Alt Protection ETF  July,P
CPRO,Calamos Russell 2000 Structured Alt Protection ETF - October,P
CPRY,Calamos Russell 2000 Structured Alt Protection ETF January,P
CPSA,Calamos S&P 500 Structured Alt Protection ETF  August,P
CPSD,Calamos S&P 500 Structured Alt Protection ETF December,P
CPSF,Calamos S&P 500 Structured Alt Protection ETF February,P
CPSJ,Calamos S&P 500 Structured Alt Protection ETF  July,P
CPSL,Calamos Laddered S&P 500 Structured Alt Protection ETF,Z
CPSM,Calamos S&P 500 Structured Alt Protection ETF  May,P
CPSN,Calamos S&P 500 Structured Alt Protection ETF November,P
CPSO,Calamos S&P 500 Structured Alt Protection ETF - October,P
CPSP,Calamos S&P 500 Structured Alt Protection ETF - April,P
CPSR,Calamos S&P 500 Structured Alt Protection ETF - March,P
CPST,Calamos S&P 500 Structured Alt Protection ETF  September,P
CPSU,Calamos S&P 500 Structured Alt Protection ETF June,P
CPSY,Calamos S&P 500 Structured Alt Protection ETF January,P
CPTL,Global X Morningstar Capital Allocation Leaders ETF,Q
CPXR,USCF Daily Target 2X Copper Index ETF,P
CQQQ,Invesco China Technology ETF,P
CQTM,Corgi Quantum Computing ETF,Z
CRAK,VanEck Oil Refiners ETF,P
CRBN,iShares Low Carbon Optimized MSCI ACWI ETF,P
CRCA,ProShares Ultra CRCL,P
CRCD,T-REX 2X Inverse CRCL Daily Target ETF,Z
CRCG,Leverage Shares 2X Long CRCL Daily ETF,Q
CRCO,YieldMax CRCL Option Income Strategy ETF,P
CRD,Corgi CRDO 2x Daily ETF,Z
CRDD,Cardano ETF,Z
CRDT,Simplify Opportunistic Income ETF,P
CRDU,Tradr 2X Long CRDO Daily ETF,Z
CRDX,2x Cardano ETF,Z
CRIB,Russell Investments Global Real Estate ETF,P
CRMG,Leverage Shares 2X Long CRM Daily ETF,Q
CRMU,Leverage Shares 2x Long CRML Daily ETF,Q
CRMX,Tradr 2X Long CRML Daily ETF,Z
CRPT,First Trust SkyBridge Crypto Industry and Digital Economy ETF,P
CRSH,YieldMax Short TSLA Option Income Strategy ETF,P
CRTC,Xtrackers US National Critical Technologies ETF,P
CRUC,Corgi CRUS 2x Daily ETF,Z
CRUX,Columbia Core Bond ETF,P
CRWC,Corgi CRWD 2x Daily ETF,Z
CRWG,Leverage Shares 2X Long CRWV Daily ETF,Q
CRWL,GraniteShares 2x Long CRWD Daily ETF,Q
CRWU,T-REX 2X Long CRWV Daily Target ETF,Z
CRWX,Corgi CRWV 2x Daily ETF,Z
CRXP,Columbia Core Plus Bond ETF,P
CRY,GraniteShares YieldBOOST CRCL ETF,Q
CSB,VictoryShares US Small Cap High Div Volatility Wtd ETF,Q
CSCL,Direxion Daily CSCO Bull 2X ETF,Q
CSCS,Direxion Daily CSCO Bear 1X ETF,Q
CSD,Invesco S&P Spin-Off ETF,P
CSEN,Cohen & Steers Future of Energy Active ETF,Q
CSEX,Tradr 2X Long CLS Daily ETF,Z
CSHI,NEOS Enhanced Income 1-3 Month T-Bill ETF,P
CSHP,iShares Dynamic Short-Term Active ETF,P
CSIO,Cohen & Steers Infrastructure Opportunities Active ETF,P
CSM,ProShares Large Cap Core Plus,Z
CSMD,Congress SMid Growth ETF,P
CSNR,Cohen & Steers Natural Resources Active ETF,P
CSPF,Cohen & Steers Preferred and Income Opportunities Active ETF,P
CSRE,Cohen & Steers Real Estate Active ETF,P
CSSD,Cohen & Steers Short Duration Preferred and Income Active ETF,P
CSTK,Invesco Comstock Contrarian Equity ETF,Z
CTA,Simplify Managed Futures Strategy ETF,P
CTAP,Simplify US Equity PLUS Managed Futures Strategy ETF,P
CTAU,Corgi U.S. Equities 30% Structured Buffer ETF - August Series,Z
CTEC,Global X ClimateTech ETF,Q
CTEF,Castellan Targeted Equity ETF,Z
CTEX,ProShares S&P Kensho Cleantech ETF,P
CTIF,Castellan Targeted Income ETF,Z
CTJL,Corgi U.S. Equities 30% Structured Buffer ETF - July Series,Z
CTJN,Corgi U.S. Equities 30% Structured Buffer ETF - June Series,Z
CTMA,Corgi U.S. Equities 30% Structured Buffer ETF - May Series,Z
CTWO,Common units,P
CURE,Direxion Daily Healthcare Bull 3X ETF,P
CUST,Corgi 1-3 Year Treasury Bond ETF,Z
CUT,Invesco MSCI Global Timber ETF,P
CVAR,Cultivar ETF,Z
CVGD,CresAlta Global Dividend ETF,P
CVIE,Calvert International Responsible Index ETF,P
CVLC,Calvert US Large-Cap Core Responsible Index ETF,P
CVMC,Calvert US Mid-Cap Core Responsible Index ETF,P
CVNY,YieldMax CVNA Option Income Strategy ETF,P
CVRD,Madison Covered Call ETF,P
CVRT,Calamos Convertible Equity Alternative ETF,P
CVSB,Calvert Ultra-Short Investment Grade ETF,P
CVSM,CresAlta Small and Mid-Cap ETF,P
CVY,Invesco Zacks Multi-Asset Income ETF,P
CWB,State Street SPDR Bloomberg Convertible Securities ETF,P
CWEB,Direxion Daily CSI China Internet Index Bull 2X ETF,P
CWI,State Street SPDR MSCI ACWI ex-US ETF,P
CWS,AdvisorShares Focused Equity ETF,P
CWVX,Tradr 2X Long CRWV Daily ETF,Z
CWY,GraniteShares YieldBOOST CRWV ETF,Q
CXRN,Teucrium 2x Daily Corn ETF,P
CXSE,WisdomTree China ex-State-Owned Enterprises Fund,Q
CZA,Invesco Zacks Mid-Cap ETF,P
DABS,DoubleLine Asset-Backed Securities ETF,P
DADS,Digital Asset Debt Strategy ETF,Q
DAK,Dakota Active Equity ETF,Q
DALI,First Trust Dorsey Wright DALI Equity ETF,Q
DAMD,Defiance Daily Target 2X Short AMD ETF,P
DANA,Dana Limited Volatility ETF,P
DAPP,VanEck Digital Transformation ETF,Q
DAPR,FT Vest U.S. Equity Deep Buffer ETF - April,Z
DARP,Grizzle Growth ETF,P
DAT,ProShares Big Data Refiners ETF,P
DAUG,FT Vest U.S. Equity Deep Buffer ETF - August,Z
DAX,Global X DAX Germany ETF,Q
DBA,Invesco DB Agriculture Fund,P
DBAW,Xtrackers MSCI All World ex US Hedged Equity ETF,P
DBB,Invesco DB Base Metals Fund,P
DBC,Invesco DB Commodity Index Tracking Fund,P
DBE,Invesco DB Energy Fund,P
DBEF,Xtrackers MSCI EAFE Hedged Equity ETF,P
DBEM,Xtrackers MSCI Emerging Markets Hedged Equity ETF,P
DBEU,Xtrackers MSCI Europe Hedged Equity ETF,P
DBEZ,Xtrackers MSCI Eurozone Hedged Equity ETF,P
DBJP,Xtrackers MSCI Japan Hedged Equity ETF,P
DBMF,iMGP DBi Managed Futures Strategy ETF,P
DBND,DoubleLine Opportunistic Core Bond ETF,P
DBO,Invesco DB Oil Fund,P
DBP,Invesco DB Precious Metals Fund,P
DCMT,DoubleLine Commodity Strategy ETF,P
DCOR,Dimensional US Core Equity 1 ETF,P
DCRE,DoubleLine Commercial Real Estate Debt ETF,P
DDDD,YieldMax U.S. Stocks Target Double Distribution ETF,P
DDEC,FT Vest U.S. Equity Deep Buffer ETF - December,Z
DDFA,Innovator Equity Dual Directional 15 Buffer ETF - April,Z
DDFD,Innovator Equity Dual Directional 15 Buffer ETF - December,Z
DDFF,Innovator Equity Dual Directional 15 Buffer ETF - February,Z
DDFG,Innovator Equity Dual Directional 15 Buffer ETF - August,Z
DDFJ,Innovator Equity Dual Directional 15 Buffer ETF - January,Z
DDFL,Innovator Equity Dual Directional 15 Buffer ETF - July,Z
DDFM,Innovator Equity Dual Directional 15 Buffer ETF - March,Z
DDFN,Innovator Equity Dual Directional 15 Buffer ETF - November,Z
DDFO,Innovator Equity Dual Directional 15 Buffer ETF - October,Z
DDFS,Innovator Equity Dual Directional 15 Buffer ETF - September,Z
DDFY,Innovator Equity Dual Directional 15 Buffer ETF - May,Z
DDFZ,Innovator Equity Dual Directional 15 Buffer ETF - June,Z
DDIV,First Trust Dorsey Wright Momentum & Dividend ETF,Q
DDLS,WisdomTree Dynamic International SmallCap Equity Fund,Z
DDM,ProShares Ultra Dow30,P
DDNQ,Innovator Growth-100 Dual Directional 5 Buffer ETF - Quarterly,Z
DDSQ,Innovator Equity Dual Directional 5 Buffer ETF - Quarterly,Z
DDTA,Innovator Equity Dual Directional 10 Buffer ETF - April,Z
DDTD,Innovator Equity Dual Directional 10 Buffer ETF - December,Z
DDTF,Innovator Equity Dual Directional 10 Buffer ETF - February,Z
DDTG,Innovator Equity Dual Directional 10 Buffer ETF - August,Z
DDTJ,Innovator Equity Dual Directional 10 Buffer ETF - January,Z
DDTL,Innovator Equity Dual Directional 10 Buffer ETF - July,Z
DDTM,Innovator Equity Dual Directional 10 Buffer ETF - March,Z
DDTN,Innovator Equity Dual Directional 10 Buffer ETF - November,Z
DDTO,Innovator Equity Dual Directional 10 Buffer ETF - October,Z
DDTS,Innovator Equity Dual Directional 10 Buffer ETF - September,Z
DDTY,Innovator Equity Dual Directional 10 Buffer ETF - May,Z
DDTZ,Innovator Equity Dual Directional 10 Buffer ETF - June,Z
DDV,Defined Duration 5 ETF,Z
DDWM,WisdomTree Dynamic International Equity Fund,Z
DDX,Defined Duration 10 ETF,Z
DDXX,Defined Duration 20 ETF,Z
DECM,FT Vest U.S. Equity Max Buffer ETF - December,Z
DECO,State Street Galaxy Digital Asset Ecosystem ETF,Q
DECP,PGIM S&P 500 Buffer 12 ETF - December,Z
DECT,AllianzIM U.S. Large Cap Buffer10 Dec ETF,Z
DECU,AllianzIM U.S. Equity Buffer15 Uncapped Dec ETF,Z
DECW,AllianzIM U.S. Large Cap Buffer20 Dec ETF,Z
DECZ,TrueShares Structured Outcome (December) ETF,Z
DEED,First Trust Securitized Plus ETF,P
DEEF,Xtrackers FTSE Developed ex US Multifactor ETF,P
DEEP,Acquirers Small and Micro Deep Value ETF,P
DEFI,Hashdex Bitcoin ETF,P
DEFR,Aptus Deferred Income ETF,Z
DEHP,Dimensional Emerging Markets High Profitability ETF,P
DEM,WisdomTree Emerging Markets High Dividend Fund,P
DEMZ,Democratic Large Cap Core ETF,Q
DES,WisdomTree U.S. SmallCap Dividend Fund,P
DESK,VanEck Office and Commercial REIT ETF,P
DEUS,Xtrackers Russell US Multifactor ETF,P
DEW,WisdomTree Global High Dividend Fund,P
DEXC,Dimensional Emerging Markets ex China Core Equity ETF,P
DFAC,Dimensional U.S. Core Equity 2 ETF,P
DFAE,Dimensional Emerging Core Equity Market ETF,P
DFAI,Dimensional International Core Equity Market ETF,P
DFAL,Dimensional US Large Cap Core Equity Market ETF,Z
DFAR,Dimensional US Real Estate ETF,P
DFAS,Dimensional U.S. Small Cap ETF,P
DFAT,Dimensional U.S. Targeted Value ETF,P
DFAU,Dimensional US Core Equity Market ETF,P
DFAW,Dimensional World Equity ETF,P
DFAX,Dimensional World ex U.S. Core Equity 2 ETF,P
DFCA,Dimensional California Municipal Bond ETF,P
DFCF,Dimensional Core Fixed Income ETF,P
DFE,WisdomTree Europe SmallCap Dividend Fund,P
DFEB,FT Vest U.S. Equity Deep Buffer ETF - February,Z
DFEM,Dimensional Emerging Markets Core Equity 2 ETF,P
DFEN,Direxion Daily Aerospace & Defense Bull 3X ETF,P
DFEV,Dimensional Emerging Markets Value ETF,P
DFGP,Dimensional Global Core Plus Fixed Income ETF,Q
DFGR,Dimensional Global Real Estate ETF,P
DFGX,Dimensional International Core Fixed Income ETF,Q
DFIC,Dimensional International Core Equity 2 ETF,Z
DFII,FT Vest Bitcoin Strategy & Target Income ETF,P
DFIP,Dimensional Inflation-Protected Securities ETF,P
DFIS,Dimensional International Small Cap ETF,Z
DFIV,Dimensional International Value ETF,P
DFJ,WisdomTree Japan SmallCap Fund,P
DFLV,Dimensional US Large Cap Value ETF,P
DFMC,U.S. Micro Cap Portfolio: ETF Class Shares,P
DFNL,Davis Select Financial ETF,Z
DFNM,Dimensional National Municipal Bond ETF,P
DFSB,Dimensional Global Sustainability Fixed Income ETF,P
DFSD,Dimensional Short-Duration Fixed Income ETF,P
DFSE,Dimensional Emerging Markets Sustainability Core 1 ETF,P
DFSI,Dimensional International Sustainability Core 1 ETF,P
DFSU,Dimensional US Sustainability Core 1 ETF,P
DFSV,Dimensional US Small Cap Value ETF,P
DFTT,DF Tactical 30 ETF,P
DFUS,Dimensional U.S. Equity Market ETF,P
DFUV,Dimensional US Marketwide Value ETF,P
DFVE,DoubleLine Fortune 500 Equal Weight ETF,P
DFVX,Dimensional US Large Cap Vector ETF,P
DGAP,FT Vest U.S. Equity Buffer & Digital Return ETF - April,Z
DGCB,Dimensional Global Credit ETF,Q
DGIN,VanEck Digital India ETF,P
DGJA,FT Vest U.S. Equity Buffer & Digital Return ETF - January,Z
DGJL,FT Vest U.S. Equity Buffer & Digital Return ETF - July,Z
DGLO,First Trust RBA Deglobalization ETF,Q
DGOC,FT Vest U.S. Equity Buffer & Digital Return ETF - October,Z
DGRE,WisdomTree Emerging Markets Quality Dividend Growth Fund,Q
DGRO,iShares Core Dividend Growth ETF,P
DGRS,WisdomTree U.S. SmallCap Quality Dividend Growth Fund,Q
DGRW,WisdomTree U.S. Quality Dividend Growth Fund,Q
DGS,WisdomTree Emerging Market SmallCap Fund,P
DGT,State Street SPDR Global Dow ETF,P
DHDG,FT Vest U.S. Equity Quarterly 2.5 to 15 Buffer ETF,Z
DHLX,Diamond Hill Large Cap Concentrated ETF,P
DHS,WisdomTree U.S. High Dividend Fund,P
DHSB,Day Hagan Smart Buffer ETF,P
DIA,State Street SPDR Dow Jones Industrial Average ETF Trust,P
DIAL,Columbia Diversified Fixed Income Allocation ETF,P
DIEM,Franklin Emerging Market Core Dividend Tilt Index ETF,P
DIG,ProShares Ultra Energy,P
DIHP,Dimensional International High Profitability ETF,Z
DIM,WisdomTree International MidCap Dividend Fund,P
DIME,CoinShares Altcoins ETF,Q
DINE,Simplify Tax Aware Diversified Income Strategy ETF,Q
DINT,Davis Select International ETF,Z
DIPR,Corgi Space & Satellite Communications ETF,Z
DIPS,YieldMax Short NVDA Option Income Strategy ETF,P
DISK,Tema Memory ETF,P
DISV,Dimensional International Small Cap Value ETF,Z
DIV,Global X Super Dividend ETF,P
DIVB,iShares Core Dividend ETF,Z
DIVD,Altrius Global Dividend ETF,Q
DIVE,Dana Concentrated Dividend ETF,P
DIVG,Invesco S&P 500 High Dividend Growers ETF,P
DIVI,Franklin International Core Dividend Tilt Index ETF,P
DIVL,Madison Dividend Value ETF,P
DIVN,Horizon Dividend Income ETF,Z
DIVO,Amplify CWP Enhanced Dividend Income ETF,P
DIVP,Cullen Enhanced Equity Income ETF,P
DIVS,Guinness Atkinson Dividend Builder ETF,P
DIVY,Sound Equity Dividend Income ETF,N
DIVZ,Polen Dividend Income ETF,P
DJAN,FT Vest U.S. Equity Deep Buffer ETF - January,Z
DJD,Invesco Dow Jones Industrial Average Dividend ETF,P
DJIA,Global X Dow 30 Covered Call ETF,P
DJTU,T-REX 2X Long DJT Daily Target ETF,Z
DJUL,FT Vest U.S. Equity Deep Buffer ETF - July,Z
DJUN,FT Vest U.S. Equity Deep Buffer ETF - June,Z
DKNX,Defiance Daily Target 2X Long DKNG ETF,Q
DLAG,FT Vest U.S. Equity Dual Directional Buffer ETF - August,Z
DLCU,U.S. Large Company Portfolio: ETF Class Shares,Q
DLFE,FT Vest U.S. Equity Dual Directional Buffer ETF - February,Z
DLLL,GraniteShares 2x Long DELL Daily ETF,Q
DLMY,FT Vest U.S. Equity Dual Directional Buffer ETF - May,Z
DLN,WisdomTree U.S. LargeCap Dividend Fund,P
DLNV,FT Vest U.S. Equity Dual Directional Buffer ETF - November,Z
DLS,WisdomTree International SmallCap Fund,P
DLUX,DoubleLine Ultrashort Income ETF,P
DMAR,FT Vest U.S. Equity Deep Buffer ETF - March,Z
DMAX,iShares Large Cap Max Buffer Dec ETF,Z
DMAY,FT Vest U.S. Equity Deep Buffer ETF - May,Z
DMBS,DoubleLine Mortgage ETF,P
DMX,DoubleLine Multi-Sector Income ETF,P
DMXF,iShares ESG Advanced MSCI EAFE ETF,Q
DNL,WisdomTree Global ex-U.S. Quality Growth Fund,P
DNOV,FT Vest U.S. Equity Deep Buffer ETF - November,Z
DOCK,"Corgi Ports, Rail & Freight ETF",Z
DOCT,FT Vest U.S. Equity Deep Buffer ETF - October,Z
DOG,ProShares Short Dow30,P
DOGG,FT Vest DJIA Dogs 10 Target Income ETF,Z
DOJE,REX-Osprey DOGE ETF,Z
DOL,WisdomTree True Developed International Fund,P
DON,WisdomTree U.S. MidCap Dividend Fund,P
DPRE,Virtus Duff & Phelps Real Estate Income ETF,P
DPST,Direxion Daily Regional Banks Bull 3X ETF,P
DQJN,FT Vest Nasdaq-100 Dual Directional Buffer ETF - June,Z
DRAI,Draco Evolution AI ETF,P
DRAL,Defiance Daily Target 2X Long DRAM ETF,Z
DRAM,Roundhill Memory ETF,Z
DRAY,YieldMax DKNG Option Income Strategy ETF,P
DRES,GMO Domestic Resilience ETF,P
DRGN,Themes China Generative Artificial Intelligence ETF,Z
DRIP,Direxion Daily S&P Oil & Gas Exp. & Prod. Bear 2X ETF,P
DRIV,Global X Autonomous & Electric Vehicles ETF,Q
DRKY,VistaShares Target 15 DRUKMacro Distribution ETF,P
DRLL,Strive U.S. Energy ETF,N
DRMP,Tuttle Capital Memory Stack Income Blast ETF,Z
DRMY,XFUNDS Memory Income ETF,P
DRN,Direxion Daily Real Estate Bull 3X ETF,P
DRNL,Defiance 2X Daily Long Pure Drone and Aerial Automation ETF,Z
DRNZ,REX Drone ETF,Q
DRSK,Aptus Defined Risk ETF,Z
DRUP,GraniteShares Nasdaq Select Disruptors ETF,P
DRV,Direxion Daily Real Estate Bear 3X ETF,P
DRVR,Amplify S&P 500 Dividend Drivers ETF,P
DSCO,DoubleLine Securitized Credit ETF,P
DSEP,FT Vest U.S. Equity Deep Buffer ETF - September,Z
DSI,iShares ESG MSCI KLD 400 ETF,P
DSMC,Distillate Small/Mid Cash Flow ETF,N
DSPY,Tema S&P 500 Historical Weight ETF Strategy,P
DSTL,Distillate U.S. Fundamental Stability & Value ETF,P
DSTX,Distillate International Fundamental Stability & Value ETF,N
DTAN,Sparkline International Intangible Value ETF,P
DTCR,Global X Data Center & Digital Infrastructure ETF,Q
DTD,WisdomTree U.S. Total Dividend Fund,P
DTEC,ALPS Disruptive Technologies ETF,P
DTH,WisdomTree International High Dividend Fund,P
DTRE,First Trust Alerian Disruptive Technology Real Estate ETF,P
DUBS,Aptus Large Cap Enhanced Yield ETF,Z
DUG,ProShares UltraShort Energy,P
DUHP,Dimensional US High Profitability ETF,P
DUKH,Ocean Park High Income ETF,Q
DUKQ,Ocean Park Domestic ETF,P
DUKX,Ocean Park International ETF,Q
DUKZ,Ocean Park Diversified Income ETF,P
DULL,"MicroSectors Gold -3X Inverse Leveraged ETNs due January 29, 2043",P
DUNK,Dana Unconstrained Equity ETF,P
DUOG,Leverage Shares 2X Long DUOL Daily ETF,Q
DURA,VanEck Durable High Dividend ETF,Z
DUSA,Davis Select U.S. Equity ETF,Z
DUSB,Dimensional Ultrashort Fixed Income ETF,P
DUSG,U.S. Small Cap Growth Portfolio: ETF Class Shares,Q
DUSL,Direxion Daily Industrials Bull 3X ETF,P
DUST,Direxion Daily Gold Miners Index Bear 2X ETF,P
DUTY,U.S. Defense ETF,P
DVAL,BrandywineGLOBAL-Dynamic US Large Cap Value ETF,Q
DVDN,Kingsbarn Dividend Opportunity ETF,P
DVGR,DAC 3D Dividend Growth ETF,Q
DVIN,WEBs Industrials XLI Defined Volatility ETF,Q
DVLU,First Trust Dorsey Wright Momentum & Value ETF,Q
DVND,Touchstone Dividend Select ETF,P
DVOL,First Trust Dorsey Wright Momentum & Low Volatility ETF,Q
DVQQ,WEBs QQQ Defined Volatility ETF,Q
DVRE,WEBs Real Estate XLRE Defined Volatility ETF,Q
DVSP,WEBs SPY Defined Volatility ETF,Q
DVUT,WEBs Utilities XLU Defined Volatility ETF,Q
DVVY,Invesco Diversified Dividend Opportunities ETF,Z
DVXB,WEBs Materials XLB Defined Volatility ETF,Q
DVXC,WEBs Communication Services XLC Defined Volatility ETF,Q
DVXE,WEBs Energy XLE Defined Volatility ETF,Q
DVXF,WEBs Financial XLF Defined Volatility ETF,Q
DVXK,WEBs Technology XLK Defined Volatility ETF,Q
DVXP,WEBs Consumer Staples XLP Defined Volatility ETF,Q
DVXV,WEBs Health Care XLV Defined Volatility ETF,Q
DVXY,WEBs Consumer Discretionary XLY Defined Volatility ETF,Q
DVY,iShares Select Dividend ETF,Q
DVYA,iShares Asia / Pacific Dividend 30 Index Fund Exchange Traded Fund,P
DVYE,iShares Emerging Markets Dividend Index Fund Exchange Traded Fund,P
DWAS,Invesco Dorsey Wright SmallCap Momentum ETF,Q
DWAW,AdvisorShares Dorsey Wright FSM All Cap World ETF,Q
DWLD,Davis Select Worldwide ETF,Z
DWM,WisdomTree International Equity Fund,P
DWMF,WisdomTree International Multifactor Fund,P
DWSH,AdvisorShares Dorsey Wright Short ETF,Q
DWUS,AdvisorShares Dorsey Wright FSM US Core ETF,Q
DWWN,Principal Long Duration ETF,Z
DWX,State Street SPDR S&P International Dividend ETF,P
DXD,ProShares UltraShort Dow30,P
DXIV,Dimensional International Vector Equity ETF,P
DXJ,WisdomTree Japan Hedged Equity Fund,P
DXUV,Dimensional US Vector Equity ETF,P
DYFI,IDX Dynamic Fixed Income ETF,Q
DYLD,LeaderShares Dynamic Yield ETF,P
DYLG,Global X Dow 30 Covered Call & Growth ETF,P
DYNB,Hartford Dynamic Bond ETF,Q
DYNF,iShares U.S. Equity Factor Rotation Active ETF,P
DYTA,SGI Dynamic Tactical ETF,Q
EAFG,Pacer Developed Markets Cash Cows Growth Leaders ETF,P
EAGG,iShares ESG Aware U.S. Aggregate Bond ETF,P
EAGL,Eagle Capital Select Equity ETF,P
EALT,Innovator U.S. Equity 5 to 15 Buffer ETF - Quarterly,Z
EAOA,iShares ESG Aware 80/20 Aggressive Allocation ETF,Z
EAOK,iShares ESG Aware 30/70 Conservative Allocation ETF,Z
EAOM,iShares ESG Aware 40/60 Moderate Allocation ETF,Z
EAOR,iShares ESG Aware 60/40 Balanced Allocation ETF,Z
EAPR,Innovator Emerging Markets Power Buffer ETF April,P
EART,Global X Rare Earth & Critical Materials ETF,Q
EASG,Xtrackers MSCI EAFE Selection Equity ETF,P
EASY,Liberty One Defensive Dividend Growth ETF,Q
EBI,Longview Advantage ETF,Q
EBIT,Harbor AlphaEdge Small Cap Earners ETF,P
EBIZ,Global X E-commerce ETF,Q
EBND,State Street SPDR Bloomberg Emerging Markets Local Bond ETF,P
EBUF,Innovator Emerging Markets 10 Buffer ETF - Quarterly,P
ECH,iShares MSCI Chile ETF,Z
ECHX,Leverage Shares 2X Long ECHO Daily ETF,Q
ECML,Euclidean Fundamental Value ETF,P
ECNS,iShares MSCI China Small-Cap ETF,P
ECON,Columbia Research Enhanced Emerging Economies ETF,P
ECOW,Pacer Emerging Markets Cash Cows 100 ETF,Q
EDC,Direxion Emerging Markets Bull 3X ETF,P
EDEN,iShares MSCI Denmark ETF,Z
EDGE,MRBL Enhanced Equity ETF,Z
EDGF,3EDGE Dynamic Fixed Income ETF,P
EDGH,3EDGE Dynamic Hard Assets ETF,P
EDGI,3EDGE Dynamic International Equity ETF,P
EDGQ,Global X Nasdaq-100 Income Edge ETF,P
EDGU,3EDGE Dynamic US Equity ETF,P
EDGX,Global X U.S. 500 Income Edge ETF,P
EDIV,State Street SPDR S&P Emerging Markets Dividend ETF,P
EDOG,ALPS Emerging Sector Dividend Dogs ETF,P
EDOW,First Trust Dow 30 Equal Weight ETF,P
EDV,Vanguard Extended Duration Treasury ETF,P
EDZ,Direxion Emerging Markets Bear 3X ETF,P
EEE,CYBER HORNET S&P 500 and Ethereum 75/25 Strategy ETF,Q
EELV,Invesco S&P Emerging Markets Low Volatility ETF,P
EEM,iShares MSCI Emerging Index Fund,P
EEMA,iShares MSCI Emerging Markets Asia ETF,Q
EEMO,Invesco S&P Emerging Markets Momentum ETF,P
EEMS,iShares MSCI Emerging Markets Small Cap ETF,P
EEMV,iShares MSCI Emerging Markets Min Vol Factor ETF,Z
EEMX,State Street SPDR MSCI Emerging Markets Fossil Fuel Reserves Free ETF,P
EES,WisdomTree U.S. SmallCap Fund,P
EET,ProShares Ultra MSCI Emerging Markets,P
EETH,ProShares Ether ETF,P
EEV,ProShares UltraShort MSCI Emerging Markets,P
EFA,iShares MSCI EAFE ETF,P
EFAA,Invesco MSCI EAFE Income Advantage ETF,P
EFAD,ProShares MSCI EAFE Dividend Growers ETF,Z
EFAS,Global X MSCI SuperDividend EAFE ETF,Q
EFAV,iShares MSCI EAFE Min Vol Factor ETF,Z
EFAX,State Street SPDR MSCI EAFE Fossil Fuel Reserves Free ETF,P
EFFE,Harbor Osmosis Emerging Markets Resource Efficient ETF,P
EFFI,Harbor Osmosis International Resource Efficient ETF,P
EFG,iShares MSCI EAFE Growth ETF,Z
EFIV,State Street SPDR S&P 500 ESG ETF,P
EFNL,iShares MSCI Finland ETF,Z
EFO,ProShares Ultra MSCI EAFE,P
EFRA,iShares Environmental Infrastructure and Industrials ETF,Q
EFU,ProShares UltraShort MSCI EAFE,P
EFV,iShares MSCI EAFE Value ETF,Z
EFZ,ProShares Short MSCI EAFE,P
EGGQ,NestYield Visionary ETF,Q
EGGS,NestYield Total Return Guard ETF,P
EGGY,NestYield Dynamic Income ETF,P
EGLE,Global X S&P 500 U.S. Revenue Leaders ETF,P
EGUS,iShares ESG Aware MSCI USA Growth ETF,Z
EHCC,Global X Ethereum Covered Call ETF,Z
EHLS,Even Herd Long Short ETF,Q
EHY,Amplify Ethereum Max Income Covered Call ETF,Z
EIDO,iShares MSCI Indonesia ETF,P
EINC,VanEck Energy Income ETF,P
EIPI,FT Energy Income Partners Enhanced Income ETF,P
EIPX,FT Energy Income Partners Strategy ETF,P
EIRL,iShares MSCI Ireland ETF,P
EIS,iShares MSCI Israel ETF,P
EJAN,Innovator Emerging Markets Power Buffer ETF January,P
EJUL,Innovator Emerging Markets Power Buffer ETF July,P
EKG,First Trust Nasdaq Lux Digital Health Solutions ETF,Q
ELCV,Strategy Shares Eventide High Dividend ETF,P
ELD,WisdomTree Emerging Markets Local Debt Fund,P
ELFY,ALPS Electrification Infrastructure ETF,Q
ELIL,Direxion Daily LLY Bull 2X ETF,Q
ELM,Elm Market Navigator ETF,P
ELOL,Leverage Shares 100% TSLA AND 100% SPCX Daily ETF,Q
EMAU,Corgi Emerging Markets Equities 15% Structured Buffer ETF - August Series,Z
EMB,iShares J.P. Morgan USD Emerging Markets Bond ETF,Q
EMBD,Global X Emerging Markets Bond ETF,P
EMBX,VanEck Emerging Markets Bond ETF,P
EMC,Global X Emerging Markets Great Consumer ETF,P
EMCB,WisdomTree Emerging Markets Corporate Bond Fund,Q
EMCR,Xtrackers Emerging Markets Carbon Reduction and Climate Improvers ETF,P
EMCS,Xtrackers MSCI Emerging Markets Select ETF,P
EMDM,First Trust Bloomberg Emerging Market Democracies ETF,P
EMDV,ProShares MSCI Emerging Markets Dividend Growers ETF,Z
EMEM,Sophus Capital Emerging Market ETF,Q
EMEQ,Nomura Focused Emerging Markets Equity ETF,Q
EMES,Harbor Emerging Markets Select ETF,P
EMET,VanEck Copper and Electrification Metals ETF,P
EMFI,Pictet Emerging Markets Debt ETF,P
EMGF,iShares Emerging Markets Equity Factor ETF,Z
EMHC,State Street SPDR Bloomberg Emerging Markets USD Bond ETF,P
EMHY,iShares J.P. Morgan EM High Yield Bond ETF,Z
EMIF,iShares Emerging Markets Infrastructure ETF,Q
EMJL,Corgi Emerging Markets Equities 15% Structured Buffer ETF - July Series,Z
EMJN,Corgi Emerging Markets Equities 15% Structured Buffer ETF - June Series,Z
EMKT,Lazard Emerging Markets Opportunities ETF,P
EMLC,VanEck J. P. Morgan EM Local Currency Bond ET,P
EMLP,First Trust North American Energy Infrastructure Fund,P
EMM,Global X Emerging Markets ex-China ETF,P
EMMF,WisdomTree Emerging Markets Multifactor Fund,P
EMMY,Corgi Emerging Markets Equities 15% Structured Buffer ETF - May Series,Z
EMNT,PIMCO Enhanced Short Maturity Active ESG Exchange-Traded Fund,P
EMOP,AB Emerging Markets Opportunities ETF,P
EMOT,First Trust S&P 500 Economic Moat ETF,P
EMPB,Efficient Market Portfolio Plus ETF,P
EMQQ,EMQQ The Emerging Markets Internet ETF,P
EMSC,Sophus Capital Emerging Market Small Cap ETF,Q
EMSF,Matthews Emerging Markets Sustainable Future Active ETF,P
EMTY,ProShares Decline of the Retail Store ETF,P
EMXC,iShares MSCI Emerging Markets ex China ETF,Q
EMXF,iShares ESG Advanced MSCI EM ETF,Q
EMXX,Corgi Emerging Markets 2x Daily ETF,Z
ENDW,Cambria Endowment Style ETF,Q
ENFR,Alerian Energy Infrastructure ETF,P
ENHI,iShares Enhanced International Active ETF,Q
ENHU,iShares Enhanced Large Cap Core Active ETF,Q
ENOR,iShares MSCI Norway ETF,Z
ENTL,Leverage Shares 2X Long ENTG Daily ETF,Z
ENZL,iShares MSCI New Zealand ETF,Q
EO,Corgi EOSE 2x Daily ETF,Z
EOCT,Innovator Emerging Markets Power Buffer ETF - October,P
EOSU,T-REX 2X Long EOSE Daily Target ETF,Z
EPAI,Harbor AI Inflection Strategy ETF,P
EPEM,Harbor Emerging Markets Equity ETF,P
EPHE,iShares MSCI Philippines ETF,P
EPI,WisdomTree India Earnings Fund,P
EPIN,Harbor International Equity ETF,P
EPMB,Harbor Mid Cap Core ETF,P
EPMV,Harbor Mid Cap Value ETF,P
EPOL,iShares MSCI Poland ETF,P
EPP,iShares MSCI Pacific Ex-Japan Index Fund,P
EPRF,Innovator S&P Investment Grade Preferred ETF,Z
EPS,WisdomTree U.S. LargeCap Fund,P
EPSB,Harbor SMID Cap Core ETF,P
EPSV,Harbor SMID Cap Value ETF,P
EPU,iShares MSCI Peru and Global Exposure ETF,P
EPV,ProShares UltraShort FTSE Europe ETF,P
EQAL,Invesco Russell 1000 Equal Weight ETF,P
EQIN,Columbia U.S. Equity Income ETF,P
EQL,ALPS Equal Sector Weight ETF,P
EQLT,iShares MSCI Emerging Markets Quality Factor ETF,Z
EQQQ,ProShares Ultra QQQ Equal Weight,Q
EQRR,ProShares Equities for Rising Rates ETF,Q
EQTY,Kovitz Core Equity ETF,P
EQWL,Invesco S&P 100 Equal Weight ETF,P
ERET,iShares Environmentally Aware Real Estate ETF,Q
ERTH,Invesco MSCI Sustainable Future ETF,P
ERX,Direxion Energy Bull 2X ETF,P
ERY,Direxion Daily Energy Bear 2X ETF,P
ESBG,"First Trust Enhanced Stocks, Bonds & Gold ETF",P
ESG,FlexShares STOXX US ESG Select Index Fund,Z
ESGD,iShares ESG Aware MSCI EAFE ETF,Q
ESGE,iShares ESG Aware MSCI EM ETF,Q
ESGG,FlexShares STOXX Global ESG Select Index Fund,Z
ESGU,iShares ESG Aware MSCI USA ETF,Q
ESGV,Vanguard ESG U.S. Stock ETF,Z
ESIM,Eventide International ETF,P
ESLG,Eventide Large Cap Growth ETF,P
ESLV,Eventide Large Cap Value ETF,P
ESML,iShares ESG Aware MSCI USA Small-Cap ETF,Z
ESMV,iShares ESG Optimized MSCI USA Min Vol Factor ETF,Q
ESN,Essential 40 Stock ETF,Q
ESPO,VanEck Video Gaming and eSports ETF,Q
ESSC,Eventide Small Cap ETF,P
ESUM,Eventide US Market ETF,P
ETCO,Grayscale Ethereum Covered Call ETF,P
ETEC,iShares Breakthrough Environmental Solutions ETF,Q
ETFT,Fundsmith Equity ETF,P
ETH,Grayscale Ethereum Staking Mini ETF Shares,P
ETHA,iShares Ethereum Trust ETF,Q
ETHB,iShares Staked Ethereum Trust ETF,Q
ETHD,ProShares UltraShort Ether ETF,P
ETHE,Grayscale Ethereum Staking ETF Shares,P
ETHO,Amplify Etho Climate Leadership U.S. ETF,P
ETHT,ProShares Ultra Ether ETF,P
ETHU,2x Ether ETF,Z
ETHV,VanEck Ethereum ETF,Z
ETHW,Bitwise Ethereum ETF,P
ETNG,Leverage Shares 2X Long ETN Daily ETF,Z
ETTY,Amplify Ethereum 3% Monthly Option Income ETF,Z
ETU,T-Rex 2X Long Ether Daily Target ETF,Z
EUAD,Select STOXX Europe Aerospace & Defense ETF,Z
EUDG,WisdomTree Europe Quality Dividend Growth Fund,P
EUDV,ProShares MSCI Europe Dividend Growers ETF,Z
EUFN,iShares MSCI Europe Financials ETF,Q
EUHY,iShares Euro High Yield Corporate Bond USD Hedged ETF,Z
EUIG,iShares Euro Investment Grade Corporate Bond USD Hedged ETF,Z
EUM,ProShares Short MSCI Emerging Markets,P
EUO,ProShares UltraShort Euro,P
EURL,Direxion Daily FTSE Europe Bull 3X ETF,P
EUSA,iShares MSCI USA Equal Weighted ETF,P
EUSB,iShares ESG Advanced Universal USD Bond ETF,P
EUV,Corgi Lithography & Semiconductor Photonics ETF,Z
EUVX,Corgi Lithography & Semiconductor Photonics 2x Daily ETF,Z
EVHY,Eaton Vance High Yield ETF,P
EVIM,Eaton Vance Intermediate Municipal Income ETF,P
EVLN,Eaton Vance Floating-Rate ETF,P
EVLU,iShares MSCI Emerging Markets Value Factor ETF,Z
EVMO,Eaton Vance Mortgage Opportunities ETF,P
EVMT,Invesco Electric Vehicle Metals Commodity Strategy No K-1 ETF,Q
EVMU,Direxion Daily Ether Bull 2X ETF,P
EVNT,AltShares Event-Driven ETF,P
EVPF,Eaton Vance Preferred Securities and Income ETF,Q
EVSB,Eaton Vance Ultra-Short Income ETF,P
EVSD,Eaton Vance Short Duration Income ETF,Q
EVSM,Eaton Vance Short Duration Municipal Income ETF,P
EVTR,Eaton Vance Total Return Bond ETF,N
EVUS,iShares ESG Aware MSCI USA Value ETF,Z
EVX,VanEck Environmental Services ETF,P
EVYM,Eaton Vance High Income Municipal ETF,Q
EWA,iShares MSCI Australia Index Fund,P
EWC,iShares MSCI Canada Index Fund,P
EWD,iShares MSCI Sweden ETF,P
EWG,iShares MSCI Germany Index Fund,P
EWH,iShares MSCI Hong Kong Index Fund,P
EWI,iShares MSCI Italy ETF,P
EWJ,iShares MSCI Japan Index Fund,P
EWJV,iShares MSCI Japan Value ETF,Q
EWK,iShares MSCI Belgium ETF,P
EWL,iShares MSCI Switzerland ETF,P
EWM,iShares MSCI Malaysia Index Fund,P
EWN,iShares MSCI Netherlands Index Fund,P
EWO,iShares MSCI Austria ETF,P
EWP,iShares MSCI Spain ETF,P
EWQ,iShares MSCI France Index Fund,P
EWS,iShares MSCI Singapore ETF,P
EWT,iShares MSCI Taiwan ETF,P
EWU,iShares MSCI United Kingdom ETF,P
EWUS,iShares MSCI United Kingdom Small Cap ETF,Z
EWV,ProShares UltraShort MSCI Japan,P
EWW,iShares MSCI Mexico ETF,P
EWX,State Street SPDR S&P Emerging Markets Small Cap ETF,P
EWY,iShares MSCI South Korea ETF,P
EWZ,iShares MSCI Brazil ETF,P
EWZS,iShares MSCI Brazil Small-Cap ETF,Q
EXEQ,Wedbush ReturnOnLeadership U.S. Large-Cap ETF,P
EXI,iShares Global Industrials ETF,P
EXUS,Nomura Focused International Core ETF,Q
EYEG,AB Corporate Bond ETF,Q
EYES,Corgi Data & Surveillance ETF,Z
EYLD,Cambria Emerging Shareholder Yield ETF,Z
EZA,iShares MSCI South Africa Index Fund,P
EZBC,Franklin Templeton Digital Holdings Trust Shares of Franklin Bitcoin ETF,Z
EZET,Franklin Ethereum ETF,Z
EZJ,ProShares Ultra MSCI Japan,P
EZM,WisdomTree U.S. MidCap Fund,P
EZMO,AlphaDroid Broad Markets Momentum ETF,Q
EZPZ,Franklin Crypto Index ETF,Z
EZRO,AlphaDroid Defensive Sector Rotation ETF,Q
EZU,iShares MSCI Eurozone ETF,Z
FAAA,Fidelity AAA CLO ETF,Q
FAAR,First Trust Alternative Absolute Return Strategy ETF,Q
FAB,First Trust Multi Cap Value AlphaDEX Fund,Q
FAD,First Trust Multi Cap Growth AlphaDEX Fund,Q
FAI,First Trust Bloomberg Artificial Intelligence ETF,P
FALN,iShares Fallen Angels USD Bond ETF,Q
FAN,First Trust Global Wind Energy ETF,P
FAPR,FT Vest U.S. Equity Buffer ETF - April,Z
FARX,Frontier Asset Absolute Return ETF,P
FAS,Direxion Financial Bull 3X ETF,P
FAUG,FT Vest U.S. Equity Buffer ETF - August,Z
FAZ,Direxion Financial Bear 3X ETF,P
FB,ProShares S&P 500 Dynamic Buffer ETF,Z
FBCG,Fidelity Blue Chip Growth ETF,Z
FBCV,Fidelity Blue Chip Value ETF,Z
FBDC,FT Confluence BDC & Specialty Finance Income ETF,P
FBL,GraniteShares 2x Long META Daily ETF,Q
FBND,Fidelity Total Bond ETF,P
FBOT,Fidelity Disruptive Automation ETF,Q
FBT,First Trust Amex Biotech Index Fund,P
FBTC,Fidelity Wise Origin Bitcoin Fund,Z
FBUF,Fidelity Dynamic Buffered Equity ETF,Z
FBX,Corgi META 2x Daily ETF,Z
FBY,YieldMax META Option Income Strategy ETF,P
FBYY,GraniteShares YieldBOOST META ETF,Q
FCA,First Trust China AlphaDEX Fund,Q
FCAL,First Trust California Municipal High income ETF,Q
FCBD,Frontier Asset Core Bond ETF,P
FCEF,First Trust Income Opportunities ETF,Q
FCFY,First Trust S&P 500 Diversified Free Cash Flow ETF,P
FCG,First Trust Natural Gas ETF,P
FCLD,Fidelity Cloud Computing ETF,Z
FCLO,Fidelity CLO ETF,Q
FCOM,Fidelity MSCI Communication Services Index ETF,P
FCOR,Fidelity Corporate Bond ETF,P
FCPI,Fidelity Stocks for Inflation ETF,Z
FCSH,Federated Hermes Short Duration Corporate ETF,P
FCTE,SMI 3Fourteen Full-Cycle Trend ETF,Q
FCTR,First Trust Lunt U.S. Factor Rotation ETF,Z
FCUS,Pinnacle Focused Opportunities ETF,P
FCVT,First Trust SSI Strategic Convertible Securities ETF,Q
FCXG,Leverage Shares 2x Long FCX Daily ETF,Q
FDAT,Tactical Advantage ETF,P
FDCF,Fidelity Disruptive Communications ETF,Q
FDD,First Trust STOXX European Select Dividend Index Fund,P
FDEC,FT Vest U.S. Equity Buffer ETF - December,Z
FDEM,Fidelity Emerging Markets Multifactor ETF,Z
FDEV,Fidelity International Multifactor ETF,Z
FDFF,Fidelity Disruptive Finance ETF,Q
FDG,American Century Focused Dynamic Growth ETF,P
FDHY,Fidelity Enhanced High Yield ETF,P
FDIF,Fidelity Disruptors ETF,Q
FDIG,Fidelity Crypto Industry and Digital Payments ETF,Q
FDIQ,Invesco Bloomberg Financial Data Providers ETF,Q
FDIS,Fidelity MSCI Consumer Discretionary Index ETF,P
FDIV,MarketDesk Focused U.S. Dividend ETF,Q
FDL,First Trust Morningstar ETF,P
FDLO,Fidelity Low Volatility Factor ETF,P
FDLS,Inspire Fidelis Multi Factor ETF,P
FDM,First Trust DJ Select MicroCap ETF,P
FDMO,Fidelity Momentum Factor ETF,P
FDN,First Trust DJ Internet Index Fund,P
FDND,FT Vest Dow Jones Internet & Target Income ETF,Z
FDNI,First Trust Dow Jones International Internet ETF,Q
FDRR,Fidelity Dividend ETF for Rising Rates,P
FDRS,Founder-Led ETF,Q
FDRV,Fidelity Electric Vehicles and Future Transportation ETF,Z
FDRX,Founder-Led 2X Daily ETF,Q
FDT,First Trust Developed Markets Ex-US AlphaDEX Fund,Q
FDTS,First Trust Developed Markets ex-US Small Cap AlphaDEX Fund,Q
FDTX,Fidelity Disruptive Technology ETF,Q
FDV,Federated Hermes U.S. Strategic Dividend ETF,P
FDVV,Fidelity High Dividend ETF,P
FEAC,Fidelity Enhanced U.S. All-Cap Equity ETF,P
FEBM,FT Vest U.S. Equity Max Buffer ETF - February,Z
FEBP,PGIM S&P 500 Buffer 12 ETF - February,Z
FEBT,AllianzIM U.S. Large Cap Buffer10 Feb ETF,Z
FEBU,AllianzIM U.S. Equity Buffer15 Uncapped Feb ETF,Z
FEBW,AllianzIM U.S. Large Cap Buffer20 Feb ETF,Z
FEBZ,TrueShares Structured Outcome (February) ETF,Z
FECM,First Eagle Core Municipal ETF,P
FEDM,FlexShares ESG & Climate Developed Markets ex-US Core Index Fund,P
FEGE,First Eagle Global Equity ETF,N
FEIG,FlexShares ESG & Climate Investment Grade Corporate Core Index Fund,P
FELC,Fidelity Enhanced Large Cap Core ETF,P
FELG,Fidelity Enhanced Large Cap Growth ETF,P
FELV,Fidelity Enhanced Large Cap Value ETF,P
FEM,First Trust Emerging Markets AlphaDEX Fund,Q
FEMB,First Trust Emerging Markets Local Currency Bond ETF,Q
FEMD,First Eagle Mid Cap Equity ETF,P
FEMG,Fidelity Enhanced Mid Cap Growth ETF,P
FEMR,Fidelity Enhanced Emerging Markets ETF,P
FEMS,First Trust Emerging Markets Small Cap AlphaDEX Fund,Q
FEMV,Fidelity Enhanced Mid Cap Value ETF,P
FENI,Fidelity Enhanced International ETF,P
FENY,Fidelity MSCI Energy Index ETF,P
FEOE,First Eagle Overseas Equity ETF,N
FEP,First Trust Europe AlphaDEX Fund,Q
FEPI,REX FANG & Innovation Equity Premium Income ETF,Q
FESC,First Eagle Small Cap Equity ETF,P
FESM,Fidelity Enhanced Small Cap Core ETF,P
FETH,Fidelity Ethereum Fund,Z
FEUS,FlexShares ESG & Climate US Large Cap Core Index Fund,P
FEUZ,First Trust Eurozone AlphaDEX ETF,Q
FEX,First Trust Large Cap Core AlphaDEX Fund,Q
FEZ,State Street SPDR EURO STOXX 50 ETF,P
FFDI,Fidelity Fundamental Developed International ETF,Z
FFEB,FT Vest U.S. Equity Buffer ETF - February,Z
FFEM,Fidelity Fundamental Emerging Markets ETF,Z
FFF,Founders 100 ETF,Z
FFGX,Fidelity Fundamental Global ex-U.S. ETF,Z
FFIU,UVA Unconstrained Medium-Term Fixed Income ETF,P
FFLC,Fidelity Fundamental Large Cap Core ETF,Z
FFLG,Fidelity Fundamental Large Cap Growth ETF,Z
FFLS,The Future Fund Long/Short ETF,P
FFLV,Fidelity Fundamental Large Cap Value ETF,Z
FFND,One Global ETF,P
FFOG,Franklin Focused Growth ETF,Z
FFOX,FundX Future Fund Opportunities ETF,P
FFSM,Fidelity Fundamental Small-Mid Cap ETF,Z
FFTY,CapForce IBD 50 ETF,P
FFUT,Fidelity Managed Futures ETF,Q
FGD,First Trust DJ Global Select Dividend,P
FGDL,Franklin Responsibly Sourced Gold ETF,P
FGM,First Trust Germany AlphaDEX Fund,Q
FGRU,T-REX 2X Long FIGR Daily Target ETF,Z
FGSI,FT Vest Growth Strength & Target Income ETF,Q
FGSM,Frontier Asset Global Small Cap Equity ETF,P
FHDG,FT Vest U.S. Equity Quarterly Dynamic Buffer ETF,Z
FHEQ,Fidelity Hedged Equity ETF,Z
FHIL,Federated Hermes International Leaders ETF,Z
FHLC,Fidelity MSCI Health Care Index ETF,P
FHYS,Federated Hermes Short Duration High Yield ETF,P
FIAT,YieldMax Short COIN Option Income Strategy ETF,P
FIAX,Nicholas Fixed Income Alternative ETF,P
FICS,First Trust International Developed Capital Strength ETF,Q
FID,First Trust S&P International Dividend Aristocrats ETF,Q
FIDI,Fidelity International High Dividend ETF,P
FIDU,Fidelity MSCI Industrials Index ETF,P
FIGB,Fidelity Investment Grade Bond ETF,P
FIGG,Leverage Shares 2x Long FIG Daily ETF,Q
FIIG,First Trust Intermediate Duration Investment Grade Corporate ETF,P
FIMU,Fidelity Intermediate Municipal Income ETF,Q
FINA,Fidelity MSCI North American Subset Index ETF,P
FINT,Frontier Asset Total International Equity ETF,P
FINX,Global X FinTech ETF,Q
FINY,GraniteShares YieldBOOST Financials ETF,Q
FISR,State Street Fixed Income Sector Rotation ETF,P
FITE,State Street SPDR S&P Kensho Future Security ETF,P
FITZ,Fitz-Gerald Must Have Portfolio ETF,P
FIVA,Fidelity International Value Factor ETF,P
FIW,First Trust Water ETF,P
FIXD,First Trust Smith Opportunistic Fixed Income ETF,Q
FIXP,FolioBeyond Enhanced Fixed Income Premium ETF,P
FIXT,TCW Core Plus Bond ETF,N
FIYY,GraniteShares YieldBOOST 20Y Treasuries ETF,Q
FIZY,Fitz-Gerald Must Have Portfolio and Options Overlay ETF,P
FJAN,FT Vest U.S. Equity Buffer ETF - January,Z
FJP,First Trust Japan AlphaDEX Fund,Q
FJUL,FT Vest U.S. Equity Buffer ETF - July,Z
FJUN,FT Vest U.S. Equity Buffer ETF - June,Z
FKU,First Trust United Kingdom AlphaDEX Fund,Q
FLAG,Global X S&P 500 U.S. Market Leaders Top 50 ETF,P
FLAO,AllianzIM U.S. Equity 6 Month Floor5 Apr/Oct ETF,Z
FLAU,Franklin FTSE Australia ETF,P
FLAX,Franklin FTSE Asia ex Japan ETF,P
FLBL,Franklin Senior Loan ETF,Z
FLBR,Franklin FTSE Brazil ETF,P
FLCA,Franklin FTSE Canada ETF,P
FLCB,Franklin U.S. Core Bond ETF,P
FLCC,Federated Hermes MDT Large Cap Core ETF,P
FLCE,Frontier Asset U.S. Large Cap Equity ETF,P
FLCG,Federated Hermes MDT Large Cap Growth ETF,P
FLCH,Franklin FTSE China ETF,P
FLCO,Franklin Investment Grade Corporate ETF,P
FLCV,Federated Hermes MDT Large Cap Value ETF,P
FLDB,Fidelity Low Duration Bond ETF,Q
FLDR,Fidelity Low Duration Bond Factor ETF,Z
FLDZ,TrueShares Patriot Defense ETF,Z
FLEE,Franklin FTSE Europe ETF,P
FLEU,Franklin FTSE Eurozone ETF,P
FLGB,Franklin FTSE United Kingdom ETF,P
FLGR,Franklin FTSE Germany ETF,P
FLGV,Franklin U.S. Treasury Bond ETF,P
FLHY,Franklin High Yield Corporate ETF,Z
FLIA,Franklin International Aggregate Bond ETF,Z
FLIN,Franklin FTSE India ETF,P
FLJH,Franklin FTSE Japan Hedged ETF,P
FLJJ,AllianzIM U.S. Equity 6 Month Floor5 Jan/Jul ETF,Z
FLJP,Franklin FTSE Japan ETF,P
FLKR,Franklin FTSE South Korea ETF,P
FLLA,Franklin FTSE Latin America ETF,P
FLMB,Franklin Municipal Green Bond ETF,P
FLMI,Franklin Dynamic Municipal Bond ETF,P
FLMX,Franklin FTSE Mexico ETF,P
FLN,First Trust Latin America AlphaDEX Fund,Q
FLOT,iShares Floating Rate Bond ETF,Z
FLOW,Global X U.S. Cash Flow Kings 100 ETF,P
FLQL,Franklin U.S. Large Cap Multifactor Index ETF,Z
FLQM,Franklin U.S. Mid Cap Multifactor Index ETF,Z
FLQS,Franklin U.S. Small Cap Multifactor Index ETF,Z
FLRG,Fidelity U.S. Multifactor ETF,P
FLRN,State Street SPDR Bloomberg Investment Grade Floating Rate ETF,P
FLRT,Pacer Aristotle Pacific Floating Rate High Income ETF,P
FLSA,Franklin FTSE Saudi Arabia ETF,P
FLSP,Franklin Systematic Style Premia ETF,P
FLSW,Franklin FTSE Switzerland ETF,P
FLTB,Fidelity Limited Term Bond ETF,P
FLTR,VanEck IG Floating Rate ETF,P
FLTW,Franklin FTSE Taiwan ETF,P
FLUD,Franklin Ultra Short Bond ETF,P
FLV,American Century Focused Large Cap Value ETF,P
FLXI,Invesco Flexible Income ETF,Z
FLXN,Horizon Flexible Income ETF,Z
FLXR,TCW Flexible Income ETF,N
FLYD,MicroSectors Travel -3x Inverse Leveraged ETN,P
FLYT,Tradr 2X Long FLY Daily ETF,Z
FLYU,MicroSectors Travel 3x Leveraged ETN,P
FMAG,Fidelity Magellan ETF,Z
FMAR,FT Vest U.S. Equity Buffer ETF - March,Z
FMAT,Fidelity MSCI Materials Index ETF,P
FMAY,FT Vest U.S. Equity Buffer ETF - May,Z
FMB,First Trust Managed Municipal ETF,Q
FMCE,FM Compounders Equity ETF,P
FMCX,FM Focus Equity ETF,P
FMDE,Fidelity Enhanced Mid Cap Core ETF,P
FMED,Fidelity Disruptive Medicine ETF,Q
FMET,Fidelity Metaverse ETF,Q
FMF,First Trust Managed Futures Strategy Fund,P
FMHI,First Trust Municipal High Income ETF,Q
FMKT,The Free Markets ETF,P
FMNY,First Trust New York Municipal High Income ETF,P
FMQQ,FMQQ The Next Frontier Internet ETF,P
FMTL,First Trust Indxx Critical Metals ETF,P
FMTM,MarketDesk Focused U.S. Momentum ETF,Q
FMUB,Fidelity Municipal Bond Opportunities ETF,Q
FMUN,Fidelity Systematic Municipal Bond Index ETF,Q
FNCL,Fidelity MSCI Financials Index ETF,P
FNDA,Schwab Fundamental U.S. Small Company ETF,P
FNDB,Schwab Fundamental U.S. Broad Market ETF,P
FNDC,Schwab Fundamental International Small Equity ETF,P
FNDE,Schwab Fundamental Emerging Markets Equity ETF,P
FNDF,Schwab Fundamental International Equity ETF,P
FNDX,Schwab Fundamental U.S. Large Company ETF,P
FNG,Leverage Shares 2X Long FN Daily ETF,Z
FNGG,Direxion Daily NYSE FANG+ Bull 2X ETF,P
FNGS,"MicroSectors FANG  ETNs due January 8, 2038",P
FNGU,MicroSectors FANG+ 3X Leveraged ETNs,P
FNK,First Trust Mid Cap Value AlphaDEX Fund,Q
FNOV,FT Vest U.S. Equity Buffer ETF - November,Z
FNX,First Trust Mid Cap Core AlphaDEX Fund,Q
FNY,First Trust Mid Cap Growth AlphaDEX Fund,Q
FOCT,FT Vest U.S. Equity Buffer ETF - October,Z
FOMG,Leverage Shares 2X Long FORM Daily ETF,Z
FOPC,Frontier Asset Opportunistic Credit ETF,P
FORH,Formidable ETF,Z
FOTO,Tuttle Capital Pure Play Photonics ETF,Z
FOWF,Pacer Solactive Whitney Future of Warfare ETF,Z
FOXY,Simplify Currency Strategy ETF,P
FPA,First Trust Asia Pacific Ex-Japan AlphaDEX Fund,Q
FPAA,FPA Global Allocation ETF,Z
FPAG,FPA Global Equity ETF,Z
FPAS,FPA Short Duration Government ETF,Z
FPE,First Trust Preferred Securities and Income ETF ETF,P
FPEI,First Trust Institutional Preferred Securities and Income ETF,P
FPFD,Fidelity Preferred Securities & Income ETF,Z
FPRO,Fidelity Real Estate Investment ETF,Z
FPSX,Leverage Shares 2X Long FPS Daily ETF,Z
FPWR,First Trust EIP Power Solutions ETF,P
FPX,First Trust US Equity Opportunities ETF,P
FPXE,First Trust IPOX Europe Equity Opportunities ETF,Q
FPXI,First Trust International Equity Opportunities ETF,Q
FQAL,Fidelity Quality Factor ETF,P
FRDM,Freedom 100 Emerging Markets ETF,Z
FREI,Fidelity Real Estate Income ETF,Q
FREL,Fidelity MSCI Real Estate Index ETF,P
FRGN,Horizon International Equity ETF,P
FRI,First Trust S&P REIT Index Fund,P
FRIZ,Franklin Dividend Growth ETF,P
FRNW,Fidelity Clean Energy ETF,Z
FRTY,Alger Mid Cap 40 ETF,P
FRWD,Nomura Transformational Technologies ETF,Q
FSCC,Federated Hermes MDT Small Cap Core ETF,P
FSCS,First Trust SMID Capital Strength ETF,Q
FSEC,Fidelity Investment Grade Securitized ETF,P
FSEG,Fidelity Enhanced Small Cap Growth ETF,P
FSEP,FT Vest U.S. Equity Buffer ETF - September,Z
FSEV,Fidelity Enhanced Small Cap Value ETF,P
FSGS,First Trust SMID Growth Strength ETF,Q
FSIG,First Trust Limited Duration Investment Grade Corporate ETF,P
FSMB,First Trust Short Duration Managed Municipal ETF,P
FSMD,Fidelity Small-Mid Multifactor ETF,P
FSML,Franklin Small Cap Enhanced ETF,P
FSOL,Fidelity Solana Fund,P
FSPC,First Trust Bloomberg Space Economy ETF,P
FSTA,Fidelity MSCI Consumer Staples Index ETF,P
FSTB,Fidelity Short-Term Bond ETF,Q
FSYD,Fidelity Sustainable High Yield ETF,P
FSZ,First Trust Switzerland AlphaDEX Fund,Q
FTA,First Trust Large Cap Value AlphaDEX Fund,Q
FTAG,First Trust Indxx Global Agriculture ETF,Q
FTBD,Fidelity Tactical Bond ETF,P
FTBI,First Trust Balanced Income ETF,P
FTC,First Trust Large Cap Growth AlphaDEX Fund,Q
FTCA,Franklin California Municipal Income ETF,P
FTCB,First Trust Core Investment Grade ETF,P
FTCE,First Trust New Constructs Core Earnings Leaders ETF,P
FTCS,First Trust Capital Strength ETF,Q
FTDS,First Trust Dividend Strength ETF,Q
FTEC,Fidelity MSCI Information Technology Index ETF,P
FTGC,First Trust Global Tactical Commodity Strategy Fund,Q
FTGS,First Trust Growth Strength ETF,Q
FTHB,FIS Faith Income ETF,P
FTHF,First Trust Emerging Markets Human Flourishing ETF,P
FTHI,First Trust BuyWrite Income ETF,Q
FTIF,First Trust Bloomberg Inflation Sensitive Equity ETF,P
FTKI,First Trust Small Cap BuyWrite Income ETF,P
FTLS,First Trust Long/Short Equity,P
FTMA,Franklin Massachusetts Municipal Income ETF,P
FTMH,Franklin Municipal High Yield ETF,P
FTMN,Franklin Minnesota Municipal Income ETF,P
FTMS,Franklin Short-Term Municipal Income ETF,P
FTMU,Franklin Municipal Income ETF,P
FTNJ,Franklin New Jersey Municipal Income ETF,P
FTNY,Franklin New York Municipal Income ETF,P
FTOH,Franklin Ohio Municipal Income ETF,P
FTPA,Franklin Pennsylvania Municipal Income ETF,P
FTQI,First Trust Nasdaq BuyWrite Income ETF,Q
FTRB,Federated Hermes Total Return Bond ETF,P
FTRI,First Trust Indxx Global Natural Resources Income ETF,Q
FTSD,Franklin Short Duration U.S. Government ETF,P
FTSL,First Trust Senior Loan Fund,Q
FTSM,First Trust Enhanced Short Maturity ETF,Q
FTWO,Strive Natural Resources and Security ETF,N
FTXG,First Trust Nasdaq Food & Beverage ETF,Q
FTXH,First Trust Nasdaq Pharmaceuticals ETF,Q
FTXL,First Trust Nasdaq Semiconductor ETF,Q
FTXN,First Trust Nasdaq Oil & Gas ETF,Q
FTXO,First Trust Nasdaq Bank ETF,Q
FTXR,First Trust Nasdaq Transportation ETF,Q
FUMB,First Trust Ultra Short Duration Municipal ETF,P
FUSD,Federated Hermes Ultrashort Bond ETF,Z
FUSI,American Century Multisector Floating Income ETF,P
FUTG,Leverage Shares 2x Long FUTU Daily ETF,Q
FUTY,Fidelity MSCI Utilities Index ETF,P
FV,First Trust Dorsey Wright Focus 5 ETF,Q
FVAL,Fidelity Value Factor ETF,P
FVC,First Trust Dorsey Wright Dynamic Focus 5 ETF,Q
FVD,First Trust VL Dividend,P
FWD,AB Disruptors ETF,P
FXA,Invesco CurrencyShares Australian Dollar Trust,P
FXB,Invesco CurrencyShares British Pound Sterling Trust,P
FXC,Invesco CurrencyShares Canadian Dollar Trust,P
FXD,First Trust Cons. Discret. AlphaDEX,P
FXE,Invesco CurrencyShares Euro Currency Trust,P
FXED,Sound Enhanced Fixed Income ETF,N
FXF,Invesco CurrencyShares Swiss Franc Trust,P
FXG,First Trust Cons. Staples AlphaDEX,P
FXH,First Trust Health Care AlphaDEX,P
FXI,iShares China Large-Cap ETF,P
FXL,First Trust Technology AlphaDEX,P
FXN,First Trust Energy AlphaDEX Fund,P
FXO,First Trust Financials AlphaDEX,P
FXP,ProShares UltraShort FTSE China 50,P
FXR,First Trust Industrials AlphaDEX,P
FXU,First Trust Utilities AlphaDEX Fund,P
FXY,Invesco CurrencyShares Japanese Yen Trust,P
FXZ,First Trust Materials AlphaDEX Fund,P
FYC,First Trust Small Cap Growth AlphaDEX Fund,Q
FYEE,Fidelity Yield Enhanced Equity ETF,Z
FYLD,Cambria Foreign Shareholder Yield ETF,Z
FYT,First Trust Small Cap Value AlphaDEX Fund,Q
FYX,First Trust Small Cap Core AlphaDEX Fund,Q
GAA,Cambria Global Asset Allocation ETF,Z
GABF,Gabelli ETFs Trust Gabelli Financial Services Opportunities ETF,P
GAEM,Simplify Gamma Emerging Market Bond ETF,P
GAL,State Street Global Allocation ETF,P
GALX,VistaShares Space Supercycle ETF,P
GAMR,Amplify Video Game Leaders ETF,P
GAPR,FT Vest U.S. Equity Moderate Buffer ETF - April,Z
GARA,Guinness Atkinson Real Assets Income ETF,P
GARP,iShares MSCI USA Quality GARP ETF,Z
GARY,Mango Growth ETF,Q
GASZ,Corgi Natural Gas Power & Turbines ETF,Z
GAUG,FT Vest U.S. Equity Moderate Buffer ETF - August,Z
GAVA,Grayscale Avalanche Staking ETF,Q
GBF,iShares Government/Credit Bond ETF,P
GBHI,Gabelli High Income ETF,P
GBIL,Goldman Sachs Access Treasury 0-1 Year ETF,P
GBND,Goldman Sachs Core Bond ETF,P
GBTC,Grayscale Bitcoin Trust (BTC),P
GBUG,Sprott Active Gold & Silver Miners ETF,Q
GCAD,Gabelli Commercial Aerospace and Defense ETF,P
GCAL,Goldman Sachs Dynamic California Municipal Income ETF,P
GCC,WisdomTree EnhancedContinuous Commodity Index Fund,P
GCOR,Goldman Sachs Access U.S. Aggregate Bond ETF,P
GCOW,Pacer Global Cash Cows Dividend ETF,Z
GCSH,Guggenheim Ultra Short Income ETF,P
GDE,WisdomTree Efficient Gold Plus Equity Strategy Fund,Z
GDEC,FT Vest U.S. Equity Moderate Buffer ETF - December,Z
GDIV,Harbor Dividend Growth Leaders ETF,N
GDLC,Grayscale CoinDesk Crypto 5 ETF,P
GDMA,Gadsden Dynamic Multi-Asset ETF,Z
GDMN,WisdomTree Efficient Gold Plus Gold Miners Strategy Fund,Z
GDOC,Goldman Sachs Future Health Care Equity ETF,P
GDOG,Grayscale Dogecoin Trust ETF,P
GDT,WisdomTree Efficient TIPS Plus Gold Fund,Z
GDX,VanEck Gold Miners ETF,P
GDXD,MicroSectors Gold Miners -3X Inverse Leveraged ETNs,P
GDXJ,VanEck Junior Gold Miners ETF,P
GDXU,MicroSectors Gold Miners 3X Leveraged ETN,P
GDXW,Roundhill Gold Miners WeeklyPay ETF,Z
GDXY,YieldMax Gold Miners Option Income Strategy ETF,P
GEM,Goldman Sachs ActiveBeta Emerging Markets Equity ETF,P
GEMD,Goldman Sachs Access Emerging Markets USD Bond ETF,Z
GEME,Pacific North of South EM Equity Active ETF,Q
GEMG,Leverage Shares 2X Long GEMI Daily ETF,Q
GEND,Genter Capital Dividend Income ETF,P
GENM,Genter Capital Municipal Quality Intermediate ETF,P
GENT,Genter Capital Taxable Quality Intermediate ETF,P
GENW,Genter Capital International Dividend ETF,P
GENZ,VanEck Digital Native Economy ETF,Q
GEQ,Cambria Global EW 2 ETF,Q
GEVC,Corgi GEV 2x Daily ETF,Z
GEVG,Leverage Shares 2X Long GEV Daily ETF,Q
GEVX,Tradr 2X Long GEV Daily ETF,Z
GEW,Cambria Global EW ETF,Q
GFEB,FT Vest U.S. Equity Moderate Buffer ETF - February,Z
GFGF,Guru Favorite Stocks ETF,Q
GFLW,VictoryShares Free Cash Flow Growth ETF,Q
GFSG,Leverage Shares 2X Long GFS Daily ETF,Z
GGLL,Direxion Daily GOOGL Bull 2X ETF,Q
GGLS,Direxion Daily GOOGL Bear 1X ETF,Q
GGM,GGM Macro Alignment ETF,P
GGME,Invesco Next Gen Media and Gaming ETF,P
GGOV,iShares Global Government Bond USD Hedged Active ETF,P
GGRW,Gabelli Growth Innovators ETF,P
GGTL,Gabelli Global Technology Leaders ETF,P
GGUS,Goldman Sachs MarketBeta Russell 1000 Growth Equity ETF,P
GHTA,Goose Hollow Tactical Allocation ETF,Z
GHYB,Goldman Sachs Access High Yield Corporate Bond ETF,P
GHYG,iShares US & Intl High Yield Corp Bond ETF,Z
GIAX,Nicholas Global Equity and Income ETF,P
GIEQ,Goldman Sachs Data Enhanced International Equity ETF,Q
GIGB,Goldman Sachs Access Investment Grade Corporate Bond ETF,P
GIGL,Goldman Sachs Corporate Bond ETF,P
GII,State Street SPDR S&P Global Infrastructure ETF,P
GIND,Goldman Sachs India Equity ETF,Q
GINN,Goldman Sachs Innovate Equity ETF,P
GINX,SGI Enhanced Global Income ETF,Q
GISC,Guggenheim Securitized Income ETF,P
GJAN,FT Vest U.S. Equity Moderate Buffer ETF - January,Z
GJUL,FT Vest U.S. Equity Moderate Buffer ETF - July,Z
GJUN,FT Vest U.S. Equity Moderate Buffer ETF - June,Z
GK,AdvisorShares Gerber Kawasaki ETF,P
GKAT,Scharf Global Opportunity ETF,Q
GLAM,"Corgi Beauty, Skincare & Aesthetics ETF",Z
GLBL,Pacer MSCI World Industry Advantage ETF,Z
GLCR,GlacierShares Nasdaq Iceland ETF,Q
GLD,SPDR Gold Shares,P
GLDB,IDX Alternative FIAT ETF,Q
GLDI,"ETRACS Gold Shares Covered Call ETNs due February 2, 2033",Q
GLDM,SPDR Gold MiniShares Trust,P
GLDN,Nicholas Gold Income ETF,P
GLDW,Roundhill Gold WeeklyPay ETF,Z
GLGG,Leverage Shares 2X Long GLXY Daily ETF,Q
GLIN,VanEck India Growth Leaders ETF,P
GLIX,Lazard Listed Infrastructure ETF,P
GLL,ProShares UltraShort Gold,P
GLNK,Grayscale Chainlink Trust ETF,P
GLOF,iShares Global Equity Factor ETF,P
GLOW,VictoryShares WestEnd Global Equity ETF,Q
GLRY,Inspire Growth ETF,P
GLTR,abrdn Physical Precious Metals Basket Shares ETF,P
GLWG,Leverage Shares 2X Long GLW Daily ETF,Q
GLX,Corgi GLXY 2x Daily ETF,Z
GLXU,T-REX 2X Long GLXY Daily Target ETF,Z
GMAR,FT Vest U.S. Equity Moderate Buffer ETF - March,Z
GMAY,FT Vest U.S. Equity Moderate Buffer ETF - May,Z
GMEC,Corgi GME 2x Daily ETF,Z
GMEU,T-REX 2X Long GME Daily Target ETF,Z
GMEY,YieldMax GME Option Income Strategy ETF,P
GMF,State Street SPDR S&P Emerging Asia Pacific ETF,P
GMMA,GammaRoad Market Navigation ETF,P
GMMF,iShares Government Money Market ETF,N
GMNY,Goldman Sachs Dynamic New York Municipal Income ETF,P
GMOC,GMO Ultra-Short Income ETF,P
GMOD,GMO Dynamic Allocation ETF,P
GMOI,GMO International Value ETF,P
GMOM,Cambria Global Momentum ETF,Z
GMOV,GMO US Value ETF,P
GMUB,Goldman Sachs Municipal Income ETF,P
GNMA,iShares GNMA Bond ETF,Q
GNMX,Corgi Genomics & Precision Medicine ETF,Z
GNOM,Global X Genomics & Biotechnology ETF,Q
GNOV,FT Vest U.S. Equity Moderate Buffer ETF - November,Z
GNR,State Street SPDR S&P Global Natural Resources ETF,P
GOAU,US Global GO Gold and Precious Metal Miners ETF,P
GOCT,FT Vest U.S. Equity Moderate Buffer ETF - October,Z
GOEX,Global X Gold Explorers ETF,P
GOGL,Corgi GOOGL 2x Daily ETF,Z
GOIB,Direxion GOOGL Defined Income Boost ETF,Z
GOLI,Defiance Gold Enhanced Options Income ETF,Q
GOLS,Gabelli Opportunities in Live and Sports ETF,P
GOLY,Strategy Shares Gold Enhanced Yield ETF,Z
GOOL,Leverage Shares 2X Long GOOGL Daily ETF,Z
GOOP,Kurv Yield Premium Strategy Google (GOOGL) ETF,Z
GOOW,Roundhill GOOGL WeeklyPay ETF,Z
GOOX,T-Rex 2X Long Alphabet Daily Target ETF,Z
GOOY,YieldMax GOOGL Option Income Strategy ETF,P
GOP,Subversive Congressional Republicans Trading ETF,Z
GOU,GraniteShares 2x Long GOOGL Daily ETF,Q
GOVI,Invesco Equal Weight 0-30 Year Treasury ETF,Q
GOVM,iShares 1-10 Year Treasury Bond ETF,Z
GOVT,iShares U.S. Treasury Bond ETF,Z
GOVZ,iShares 25  Year Treasury STRIPS Bond ETF,Z
GPIQ,Goldman Sachs Nasdaq-100 Premium Income ETF,Q
GPIX,Goldman Sachs S&P 500 Premium Income ETF,Q
GPRF,Goldman Sachs Access U.S. Preferred Stock and Hybrid Securities ETF,Q
GPT,Intelligent Alpha Atlas ETF,Q
GPTY,YieldMax AI & Tech Portfolio Option Income ETF,P
GPZ,VanEck Alternative Asset Manager ETF,P
GQGU,GQG US Equity ETF,P
GQI,Natixis Gateway Quality Income ETF,P
GQQQ,Astoria US Quality Growth Kings ETF,Q
GQRE,FlexShares Global Quality Real Estate Index Fund,P
GRAG,Leverage Shares 2X Long GRAB Daily ETF,Q
GREK,Global X MSCI Greece ETF,P
GRID,First Trust NASDAQ Clean Edge Smart Grid Infrastructure Index Fund,Q
GRIN,VictoryShares International Free Cash Flow Growth ETF,Q
GRNB,VanEck Green Bond ETF,P
GRNI,Fundstrat Granny Shots US Large Cap & Income ETF,P
GRNJ,Fundstrat Granny Shots US Small- & Mid-Cap ETF,P
GRNY,Fundstrat Granny Shots US Large Cap ETF,P
GROZ,Zacks Focus Growth ETF,Z
GRPM,Invesco S&P MidCap 400 GARP ETF,P
GRPZ,Invesco S&P SmallCap 600 GARP ETF,P
GRW,TCW Durable Growth ETF,Q
GSC,Goldman Sachs Small Cap Equity ETF,P
GSEE,Goldman Sachs MarketBeta Emerging Markets Equity ETF,Z
GSEP,FT Vest U.S. Equity Moderate Buffer ETF - September,Z
GSEU,Goldman Sachs ActiveBeta Europe Equity ETF,P
GSEW,Goldman Sachs Equal Weight U.S. Large Cap Equity ETF,Z
GSG,iShares GSCI Commodity-Indexed Trust Fund,P
GSGO,Goldman Sachs Growth Opportunities ETF,Q
GSIB,Themes Global Systemically Important Banks ETF,Q
GSID,Goldman Sachs MarketBeta International Equity ETF,Z
GSIE,Goldman Sachs ActiveBeta International Equity ETF,P
GSJY,Goldman Sachs ActiveBeta Japan Equity ETF,P
GSKH,GSK plc ADRhedged,P
GSLC,Goldman Sachs ActiveBeta U.S. Large Cap Equity ETF,P
GSOL,Grayscale Solana Staking ETF,P
GSPY,Gotham Enhanced 500 ETF,P
GSSC,GS ActiveBeta U.S. Small Cap Equity ETF,P
GSST,Goldman Sachs Ultra Short Bond ETF,Z
GSUI,Grayscale Sui Staking ETF,P
GSUS,Goldman Sachs MarketBeta U.S. Equity ETF,Z
GSWO,Goldman Sachs ActiveBeta World Equity ETF,Z
GSY,Invesco Ultra Short Duration ETF,P
GTEK,Goldman Sachs Future Tech Leaders Equity ETF,P
GTIP,Goldman Sachs Access Inflation Protected USD Bond ETF,Z
GTND,Goaltender ETF,P
GTO,Invesco Total Return Bond ETF,P
GTOC,Invesco Core Fixed Income ETF,Z
GTOH,Invesco Short Duration High Yield ETF,Z
GTOP,Goldman Sachs Technology Opportunities ETF,Q
GTOQ,Invesco High Yield Systematic Bond ETF,Q
GTOS,Invesco Short Duration Total Return Bond ETF,Z
GTPE,Goldman Sachs MSCI World Private Equity Return Tracker ETF,Q
GTR,WisdomTree Target Range Fund,Q
GUMI,Goldman Sachs Ultra Short Municipal Income ETF,P
GUNR,FlexShares Global Upstream Natural Resources Index Fund ETF,P
GURU,Global X Guru Index ETF,P
GUSA,Goldman Sachs MarketBeta U.S. 1000 Equity ETF,P
GUSE,Goldman Sachs Enhanced U.S. Equity ETF,Q
GUSH,Direxion Daily S&P Oil & Gas Exp. & Prod. Bull 2X ETF,P
GVAL,Cambria Global Value ETF,Z
GVI,iShares Intermediate Government/Credit Bond ETF,Z
GVIP,Goldman Sachs Hedge Industry VIP ETF,P
GVLE,Goldman Sachs Value Opportunities ETF,Q
GVLU,Gotham 1000 Value ETF,P
GVUS,Goldman Sachs MarketBeta Russell 1000 Value Equity ETF,P
GWX,State Street SPDR S&P International Small Cap ETF,P
GXC,State Street SPDR S&P China ETF,P
GXDW,Global X Dorsey Wright Thematic ETF,Q
GXIG,Global X Investment Grade Corporate Bond ETF,P
GXLC,Global X U.S. 500 ETF,P
GXPC,Global X PureCap MSCI Communication Services ETF,P
GXPD,Global X PureCap MSCI Consumer Discretionary ETF,P
GXPE,Global X PureCap MSCI Energy ETF,P
GXPS,Global X PureCap MSCI Consumer Staples ETF,P
GXPT,Global X PureCap MSCI Information Technology ETF,P
GXRP,Grayscale XRP Trust ETF,P
GXUS,Goldman Sachs MarketBeta Total International Equity ETF,P
GYLD,Arrow Dow Jones Global Yield ETF ETF,N
HACK,Amplify Cybersecurity ETF,P
HAIL,State Street SPDR S&P Kensho Smart Mobility ETF,P
HAKY,Amplify HACK Cybersecurity Covered Call ETF,P
HALX,Tuttle Capital Heavy Assets Low Obsolescence ETF,Z
HAP,VanEck Natural Resources ETF,P
HAPI,Harbor Human Capital Factor US Large Cap ETF,P
HAPS,Harbor Human Capital Factor US Small Cap ETF,P
HARD,Simplify Commodities Strategy No K-1 ETF,P
HAUG,Corgi U.S. Equities 100% Structured Buffer ETF - August Series,Z
HAUS,Residential REIT ETF,Z
HAUZ,Xtrackers International Real Estate ETF,P
HAWX,iShares Currency Hedged MSCI ACWI ex U.S. ETF,P
HBDC,Hilton BDC Corporate Bond ETF,Q
HBMX,Tuttle Capital Concentrated Memory Stack ETF,Z
HBR,Canary HBAR ETF,Q
HBRD,Invesco U.S. Hybrid Bond ETF,P
HBTA,Horizon Expedition Plus ETF,P
HBTC,Fortuna Hedged Bitcoin ETF,Z
HCMT,Direxion HCM Tactical Enhanced US ETF,P
HCOW,Amplify COWS Covered Call ETF,Q
HCRB,Hartford Core Bond ETF,Z
HDEF,Xtrackers MSCI EAFE High Dividend Yield Equity ETF,P
HDG,ProShares Hedge Replication ETF,P
HDGE,Ranger Equity Bear Bear ETF,P
HDLB,"ETRACS Monthly Pay 2xLeveraged US High Dividend Low Volatility ETN Series B due September 30, 2044",P
HDMV,First Trust Horizon Managed Volatility Developed International ETF,P
HDUS,Hartford Disciplined US Equity ETF,P
HDV,iShares Core High Dividend ETF,P
HEAL,Global X HealthTech ETF,Q
HECA,Hedgeye Capital Allocation ETF,P
HECO,State Street Galaxy Hedged Digital Asset Ecosystem ETF,Q
HEDG,Equable Shares Hedged Equity ETF,P
HEDJ,WisdomTree Europe Hedged Equity Fund,P
HEEM,iShares Currency Hedged MSCI Emerging Markets ETF,Z
HEFA,iShares Currency Hedged MSCI EAFE ETF,Z
HEFT,Hedgeye Fourth Turning ETF,P
HEGD,Swan Hedged Equity US Large Cap ETF,Z
HELO,JPMorgan Hedged Equity Laddered Overlay ETF,P
HELS,Hedgeye 130/30 Equity ETF,P
HELX,Franklin Genomic Advancements ETF,Z
HEMI,Hartford Equity Premium Income ETF,Z
HEQQ,JPMorgan Nasdaq Hedged Equity Laddered Overlay ETF,Q
HEQT,Simplify Hedged Equity ETF,P
HERD,Pacer Cash Cows Fund of Funds ETF,Q
HERO,Global X Video Games & Esports ETF,Q
HEWJ,iShares Currency Hedged MSCI Japan ETF,P
HEZU,iShares Currency Hedged MSCI Eurozone ETF,P
HF,DGA Core Plus Absolute Return ETF,N
HFEQ,Unlimited HFEQ Equity Long/Short ETF,N
HFGM,Unlimited HFGM Global Macro ETF,N
HFGO,Hartford Large Cap Growth ETF,Z
HFMF,Unlimited HFMF Managed Futures ETF,N
HFND,Unlimited HFND Multi-Strategy Return Tracker ETF,N
HFSI,Hartford Strategic Income ETF,Z
HFSP,TradersAI Large Cap Equity & Cash ETF,Q
HFXI,NYLI FTSE International Equity Currency Neutral ETF,P
HGER,Harbor Commodity All-Weather Strategy ETF,N
HGRO,Hedgeye Quality Growth ETF,P
HIBL,Direxion Daily S&P 500 High Beta Bull 3X ETF,P
HIBS,Direxion Daily S&P 500 High Beta Bear 3X ETF,P
HIDE,Alpha Architect High Inflation and Deflation ETF,Q
HIDV,AB US High Dividend ETF,P
HIGH,Simplify Enhanced Income ETF,P
HIMC,Corgi HIMS 2x Daily ETF,Z
HIMU,iShares High Yield Muni Active ETF,Z
HIMZ,Defiance Daily Target 2X Long HIMS ETF,Q
HIPS,GraniteShares HIPS US High Income ETF,P
HIS,Humilis US Focused Opportunities ETF,Q
HISF,First Trust High Income Strategic Focus ETF,Q
HIYY,YieldMax HIMS Option Income Strategy ETF,P
HJLY,Corgi U.S. Equities 100% Structured Buffer ETF - July Series,Z
HJUN,Corgi U.S. Equities 100% Structured Buffer ETF - June Series,Z
HLAL,Wahed FTSE USA Shariah ETF,Q
HLTH,Tema Healthcare AI ETF,Q
HMAY,Corgi U.S. Equities 100% Structured Buffer ETF - May Series,Z
HMOP,Hartford Municipal Opportunities ETF,P
HMYY,GraniteShares YieldBoost HIMS ETF,Q
HNDL,Strategy Shares Nasdaq 7HANDL Index ETF,Q
HODL,VanEck Bitcoin Trust,Z
HODU,Direxion Daily HOOD Bull 2X ETF,Q
HOLA,JPMorgan International Hedged Equity Laddered Overlay ETF,P
HOLD,Harbor Alpha Layering ETF,P
HOMZ,Hoya Capital Housing ETF,P
HONG,Leverage Shares 2X Long HON Daily ETF,Z
HOOC,Corgi HOOD 2x Daily ETF,Z
HOOG,Leverage Shares 2X Long HOOD Daily ETF,Q
HOOW,Roundhill HOOD WeeklyPay ETF,Z
HOOX,Defiance Daily Target 2X Long HOOD ETF,Q
HOOY,YieldMax HOOD Option Income Strategy ETF,P
HOOZ,Defiance Daily Target 2X Short HOOD ETF,P
HOYY,GraniteShares YieldBOOST HOOD ETF,Q
HPEL,Leverage Shares 2X Long HPE Daily ETF,Z
HQGO,Hartford US Quality Growth ETF,Q
HRSK,Toews Agility Shares Hedged Risk ETF,P
HRTS,Tema Heart & Health ETF,Q
HSBH,HSBC Holdings plc ADRhedged,P
HSCZ,iShares Currency Hedged MSCI EAFE Small-Cap ETF,P
HSMV,First Trust Horizon Managed Volatility Small/Mid ETF,P
HTAB,Hartford Schroders Tax-Aware Bond ETF,P
HTAX,Nomura National High-Yield Municipal Bond ETF,P
HTEC,ROBO Global Healthcare Technology and Innovation ETF,P
HTRB,Hartford Total Return Bond ETF,P
HTUS,Hull Tactical US ETF,Z
HULL,Corgi Shipping & Global Logistics ETF,Z
HUMN,Roundhill Humanoid Robotics ETF,Z
HUSV,First Trust Horizon Managed Volatility Domestic ETF,P
HUTG,Leverage Shares 2X Long HUT Daily ETF,Q
HVAC,AdvisorShares HVAC and Industrials ETF,P
HWIV,Hotchkis & Wiley International Value Fund,Q
HWO,Hotchkis & Wiley Opportunities Fund,Q
HWSM,Hotchkis & Wiley SMID Cap Diversified Value Fund,Q
HYBB,iShares BB Rated Corporate Bond ETF,P
HYBI,NEOS Enhanced Income Credit Select ETF,Q
HYBL,State Street Blackstone High Income ETF,Z
HYBX,TCW High Yield Bond ETF,N
HYD,VanEck High Yield Muni ETF,Z
HYDB,iShares High Yield Systematic Bond ETF,Z
HYDR,Global X Hydrogen ETF,Q
HYDW,Xtrackers Low Beta High Yield Bond ETF,P
HYEM,VanEck Emerging Markets High Yield Bond ETF,P
HYFI,AB High Yield ETF,P
HYG,iShares iBoxx $ High Yield Corporate Bond ETF,P
HYGH,iShares Interest Rate Hedged High Yield Bond ETF,P
HYGM,Amplify HYG High Yield 10% Target Income ETF,Z
HYGV,FlexShares High Yield Value-Scored Bond Index Fund,P
HYGW,iShares High Yield Corporate Bond BuyWrite Strategy ETF,Z
HYHG,ProShares High Yield Interest Rate Hedged,Z
HYIN,WisdomTree Private Credit and Alternative Income Fund,Z
HYLB,Xtrackers USD High Yield Corporate Bond ETF,P
HYLS,First Trust Tactical High Yield ETF,Q
HYMB,State Street SPDR Nuveen ICE High Yield Municipal Bond ETF,P
HYNX,T-REX 2X Long SKHY Daily Target ETF,P
HYP,Golden Eagle Dynamic Hypergrowth ETF,Q
HYPG,Grayscale Hyperliquid Staking ETF,Q
HYS,PIMCO 0-5 Year High Yield Corporat Bond Index Exchange-Traded Fund,P
HYSA,BondBloxx USD High Yield Bond Sector Rotation ETF,P
HYSD,Columbia Short Duration High Yield ETF,P
HYTI,FT Vest High Yield & Target Income ETF,P
HYTR,Counterpoint High Yield Trend ETF,N
HYUP,Xtrackers High Beta High Yield Bond ETF,P
HYXF,iShares ESG Advanced High Yield Corporate Bond ETF,Q
HYZD,WisdomTree Interest Rate Hedged High Yield Bond Fund,Q
IAGG,iShares International Aggregate Bond Fund,Z
IAI,iShares U.S. Broker-Dealers & Securities Exchanges ETF,P
IAK,iShares U.S. Insurance ETF,P
IALT,iShares Systematic Alternatives Active ETF,Q
IAPR,Innovator International Developed Power Buffer ETF  April,P
IAT,iShares U.S. Regional Banks ETF,P
IAU,iShares Gold Trust Shares,P
IAUG,Innovator International Developed Power Buffer ETF  August,P
IAUI,NEOS Gold High Income ETF,Z
IAUM,iShares Gold Trust Micro Shares,P
IBAT,iShares Energy Storage & Materials ETF,Q
IBB,iShares Biotechnology ETF,Q
IBBQ,Invesco Nasdaq Biotechnology ETF,Q
IBCA,iShares iBonds Dec 2035 Term Corporate ETF,P
IBCB,iShares iBonds Dec 2036 Term Corporate ETF,P
IBD,Inspire Corporate Bond ETF,P
IBDR,iShares iBonds Dec 2026 Term Corporate ETF,P
IBDS,iShares iBonds Dec 2027 Term Corporate ETF,P
IBDT,iShares iBonds Dec 2028 Term Corporate ETF,P
IBDU,iShares iBonds Dec 2029 Term Corporate ETF,P
IBDV,iShares iBonds Dec 2030 Term Corporate ETF,P
IBDW,iShares iBonds Dec 2031 Term Corporate ETF,P
IBDX,iShares iBonds Dec 2032 Term Corporate ETF,P
IBDY,iShares iBonds Dec 2033 Term Corporate ETF,P
IBDZ,iShares iBonds Dec 2034 Term Corporate ETF,P
IBFR,Innovator International Developed Managed 10 Buffer ETF,P
IBGA,iShares iBonds Dec 2044 Term Treasury ETF,Q
IBGB,iShares iBonds Dec 2045 Term Treasury ETF,Q
IBGC,iShares iBonds Dec 2046 Term Treasury ETF,Q
IBGK,iShares iBonds Dec 2054 Term Treasury ETF,Q
IBGL,iShares iBonds Dec 2055 Term Treasury ETF,Q
IBGM,iShares iBonds Dec 2056 Term Treasury ETF,Q
IBHF,iShares iBonds 2026 Term High Yield and Income ETF,Z
IBHG,iShares iBonds 2027 Term High Yield and Income ETF,Z
IBHH,iShares iBonds 2028 Term High Yield and Income ETF,Z
IBHI,iShares iBonds 2029 Term High Yield and Income ETF,Z
IBHJ,iShares iBonds 2030 Term High Yield and Income ETF,Z
IBHK,iShares iBonds 2031 Term High Yield and Income ETF,Z
IBHL,iShares iBonds 2032 Term High Yield and Income ETF,Z
IBHM,iShares iBonds 2033 Term High Yield and Income ETF,Z
IBIC,iShares iBonds Oct 2026 Term TIPS ETF,P
IBID,iShares iBonds Oct 2027 Term TIPS ETF,P
IBIE,iShares iBonds Oct 2028 Term TIPS ETF,P
IBIF,iShares iBonds Oct 2029 Term TIPS ETF,P
IBIG,iShares iBonds Oct 2030 Term TIPS ETF,P
IBIH,iShares iBonds Oct 2031 Term TIPS ETF,P
IBII,iShares iBonds Oct 2032 Term TIPS ETF,P
IBIJ,iShares iBonds Oct 2033 Term TIPS ETF,P
IBIK,iShares iBonds Oct 2034 Term TIPS ETF,P
IBIL,iShares iBonds Oct 2035 Term TIPS ETF,P
IBIM,iShares iBonds Oct 2036 Term TIPS ETF,P
IBIT,iShares Bitcoin Trust ETF,Q
IBLC,iShares Blockchain and Tech ETF,P
IBMO,iShares iBonds Dec 2026 Term Muni Bond ETF,Z
IBMP,iShares iBonds Dec 2027 Term Muni Bond ETF,Z
IBMQ,iShares iBonds Dec 2028 Term Muni Bond ETF,Z
IBMR,iShares iBonds Dec 2029 Term Muni Bond ETF,Z
IBMS,iShares iBonds Dec 2030 Term Muni Bond ETF,Z
IBMT,iShares iBonds Dec 2031 Term Muni Bond ETF,Z
IBMU,iShares iBonds Dec 2032 Term Muni Bond ETF,Z
IBMV,iShares iBonds Dec 2033 Term Muni Bond ETF,Z
IBMW,iShares iBonds Dec 2034 Term Muni Bond ETF,Z
IBMX,iShares iBonds Dec 2035 Term Muni Bond ETF,Z
IBND,State Street SPDR Bloomberg International Corporate Bond ETF,P
IBOT,VanEck Robotics ETF,Q
IBRN,iShares Neuroscience and Healthcare ETF,P
IBTG,iShares iBonds Dec 2026 Term Treasury ETF,Q
IBTH,iShares iBonds Dec 2027 Term Treasury ETF,Q
IBTI,iShares iBonds Dec 2028 Term Treasury ETF,Q
IBTJ,iShares iBonds Dec 2029 Term Treasury ETF,Q
IBTK,iShares iBonds Dec 2030 Term Treasury ETF,Q
IBTL,iShares iBonds Dec 2031 Term Treasury ETF,Q
IBTM,iShares iBonds Dec 2032 Term Treasury ETF,Q
IBTO,iShares iBonds Dec 2033 Term Treasury ETF,Q
IBTP,iShares iBonds Dec 2034 Term Treasury ETF,Q
IBTQ,iShares iBonds Dec 2035 Term Treasury ETF,Q
IBTR,iShares iBonds Dec 2036 Term Treasury ETF,Q
IBUF,Innovator International Developed 10 Buffer ETF - Quarterly,P
IBUY,Amplify Online Retail ETF,P
IBX,Tradr 2X Long IBM Daily ETF,Z
ICAP,Infrastructure Capital Equity Income ETF,P
ICF,iShares Select U.S. REIT ETF,Z
ICLN,iShares Global Clean Energy ETF,Q
ICLO,Invesco AAA CLO Floating Rate Note ETF,Z
ICOP,iShares Copper and Metals Mining ETF,Q
ICOW,Pacer Developed Markets International Cash Cows 100 ETF,Z
ICPI,iShares 0-1 Year TIPS Bond ETF,P
ICPY,"Tweedy, Browne International Insider + Value ETF",P
ICSH,iShares Ultra Short Duration Bond Active ETF,Z
ICVT,iShares Convertible Bond ETF,Z
IDAU,Corgi International Developed Equities 15% Structured Buffer ETF - August Series,Z
IDEC,Innovator International Developed Power Buffer ETF  December,P
IDEF,iShares Defense Industrials Active ETF,Q
IDEQ,Lazard International Dynamic Equity ETF,P
IDEV,iShares Core MSCI International Developed Markets ETF,P
IDGT,iShares U.S. Digital Infrastructure and Real Estate ETF,P
IDHQ,Invesco S&P International Developed Quality ETF,P
IDJL,Corgi International Developed Equities 15% Structured Buffer ETF - July Series,Z
IDJN,Corgi International Developed Equities 15% Structured Buffer ETF - June Series,Z
IDLV,Invesco S&P International Developed Low Volatility ETF,P
IDMO,Invesco S&P International Developed Momentum ETF,P
IDMY,Corgi International Developed Equities 15% Structured Buffer ETF - May Series,Z
IDNA,iShares Genomics Immunology and Healthcare ETF,P
IDOG,ALPS International Sector Dividend Dogs ETF,P
IDRV,iShares Self-Driving EV and Tech ETF,P
IDU,iShares U.S. Utilities ETF,P
IDUB,Aptus International Enhanced Yield ETF,Z
IDV,iShares International Select Dividend ETF,Z
IDVO,Amplify CWP International Enhanced Dividend Income ETF,P
IDVY,First Trust International Rising Dividend Achievers ETF,Q
IDVZ,Polen International Dividend Income Fund,Z
IDX,VanEck Indonesia Index ETF,P
IDYN,iShares International Equity Factor Rotation Active ETF,P
IEDI,iShares U.S. Consumer Focused ETF,Z
IEF,iShares 7-10 Year Treasury Bond ETF,Q
IEFA,iShares Core MSCI EAFE ETF,Z
IEI,iShares 3-7 Year Treasury Bond ETF,Q
IEMG,iShares Core MSCI Emerging Markets ETF,P
IEO,iShares U.S. Oil & Gas Exploration & Production ETF,Z
IETC,iShares U.S. Tech Independence Focused ETF,Z
IEUR,iShares Core MSCI Europe ETF,P
IEUS,iShares MSCI Europe Small-Cap ETF,Q
IEV,iShares Europe ETF,P
IEZ,iShares U.S. Oil Equipment & Services ETF,P
IFEB,Innovator International Developed Power Buffer ETF  February,P
IFED,ETRACS IFED Invest with the Fed TR Index ETN,P
IFGL,iShares International Developed Real Estate ETF,Q
IFLN,Invesco Bloomberg Enhanced Fallen Angels ETF,P
IFLO,VictoryShares International Free Cash Flow ETF,Q
IFLR,Innovator International Developed Managed Floor ETF,P
IFRA,iShares U.S. Infrastructure ETF,Z
IFV,First Trust Dorsey Wright International Focus 5 ETF,Q
IG,Principal Investment Grade Corporate Active ETF,Z
IGBH,iShares Interest Rate Hedged Long-Term Corporate Bond ETF,P
IGCB,TCW Corporate Bond ETF,N
IGE,iShares North American Natural Resources ETF,Z
IGEB,iShares Investment Grade Systematic Bond ETF,Z
IGF,iShares Global Infrastructure ETF,Q
IGGY,AB International Growth ETF,P
IGHG,ProShares Investment Grade-Interest Rate Hedged,Z
IGIB,iShares 5-10 Year Investment Grade Corporate Bond ETF,Q
IGLB,iShares 10  Year Investment Grade Corporate Bond ETF,P
IGLD,FT Vest Gold Strategy Target Income ETF,Z
IGM,iShares Expanded Tech Sector ETF,P
IGOV,iShares International Treasury Bond ETF,Q
IGPT,Invesco AI and Next Gen Software ETF,P
IGRO,iShares International Dividend Growth ETF,Z
IGSB,iShares 1-5 Year Investment Grade Corporate Bond ETF,Q
IGV,iShares Expanded Tech-Software Sector ETF,Z
IHAK,iShares Cybersecurity and Tech ETF,P
IHDG,WisdomTree International Hedged Quality Dividend Growth Fund,P
IHE,iShares U.S. Pharmaceutical ETF,P
IHF,iShares U.S. Health Care Providers ETF,P
IHI,iShares U.S. Medical Devices ETF,P
IHY,VanEck International High Yield Bond ETF,P
IIGD,Invesco Investment Grade Defensive ETF,P
IINC,Alki Consolidated Income ETF,P
IJAN,Innovator International Developed Power Buffer ETF January,P
IJH,iShares Core S&P Mid-Cap ETF,P
IJJ,iShares S&P Mid-Cap 400 Value ETF,P
IJK,iShares S&P Mid-Cap 400 Growth ETF,P
IJR,iShares Core S&P Small-Cap ETF,P
IJS,iShares S&P SmallCap 600 Value ETF,P
IJT,iShares S&P SmallCap 600 Growth ETF,Q
IJUL,Innovator International Developed Power Buffer ETF  July,P
IJUN,Innovator International Developed Power Buffer ETF June,P
ILCB,iShares Morningstar Large-Cap ETF,P
ILCG,iShares Morningstar Large-Cap Growth ETF,P
ILCV,iShares Morningstar Large-Cap  Value ETF,P
ILDR,First Trust Innovation Leaders ETF,P
ILF,iShares Latin America 40 ETF,P
ILIT,iShares Lithium Miners and Producers ETF,Q
ILOW,AB International Low Volatility Equity ETF,P
ILS,Brookmont Catastrophic Bond ETF,P
ILTB,iShares Core 10  Year USD Bond ETF,P
IMAR,Innovator International Developed Power Buffer ETF  March,P
IMAY,Innovator International Developed Power Buffer ETF - May,P
IMCB,iShares Morningstar Mid-Cap ETF,P
IMCG,iShares Morningstar Mid-Cap Growth ETF,P
IMCV,iShares Morningstar Mid-Cap Value ETF,Q
IMF,Invesco Managed Futures Strategy ETF,Z
IMFL,Invesco International Developed Dynamic Multifactor ETF,Z
IMOM,Alpha Architect International Quantitative Momentum ETF,Q
IMTB,iShares Core 5-10 Year USD Bond ETF,P
IMTG,Invesco Agency MBS ETF,Z
IMTM,iShares MSCI Intl Momentum Factor ETF,P
IMVP,Invesco India ETF,P
INCE,Franklin Income Equity Focus ETF,P
INCM,Franklin Income Focus ETF,P
INCO,Columbia India Consumer ETF,P
IND,Xtrackers Nifty 500 India ETF,Q
INDA,iShares MSCI India ETF,Z
INDE,Matthews India Active ETF,P
INDH,WisdomTree India Hedged Equity Fund,Q
INDL,Direxion Daily MSCI India Bull 2X ETF,P
INDQ,Pacer ActiveAlpha India Quality ETF,Q
INDS,Pacer Industrial Real Estate ETF,P
INDY,iShares India 50 ETF,Q
INDZ,VanEck India Select ETF,P
INEQ,Columbia International Equity Income ETF,P
INFH,Defiance Daily Target 2X Long INFQ ETF,Z
INFL,Horizon Kinetics Inflation Beneficiaries ETF,P
INFO,Harbor PanAgora Dynamic Large Cap Core ETF,N
INKM,State Street Income Allocation ETF,P
INMU,iShares Intermediate Muni Income Active ETF,P
INOV,Innovator International Developed Power Buffer ETF  November,P
INQQ,INQQ The India Internet ETF,P
INRO,iShares U.S. Industry Rotation Active ETF,Q
INT,Corgi INTC 2x Daily ETF,Z
INTF,iShares International Equity Factor ETF,P
INTL,Main International ETF,Z
INTM,Invesco Intermediate Municipal ETF,Z
INTW,GraniteShares 2x Long INTC Daily ETF,Q
INVG,GMO Systematic Investment Grade Credit ETF,P
INVN,Alger Russell Innovation ETF,P
INYY,YieldMax INTC Option Income Strategy ETF,P
IOCT,Innovator International Developed Power Buffer ETF - October,P
ION,ProShares S&P Global Core Battery Metals ETF,P
IONC,Corgi IONQ 2x Daily ETF,Z
IONL,GraniteShares 2x Long IONQ Daily ETF,Q
IONX,Defiance Daily Target 2X Long IONQ ETF,Q
IONZ,Defiance Daily Target 2x Short IONQ ETF,Q
IOO,iShares Global 100 ETF,P
IOPP,Simplify Tara India Opportunities ETF,P
IOSX,Corgi AAPL 2x Daily ETF,Z
IOYY,GraniteShares YieldBOOST IONQ ETF,Q
IPAC,iShares Core MSCI Pacific ETF,P
IPAV,Global X Infrastructure Development ex-U.S. ETF,Z
IPAY,Amplify Digital Payments ETF,P
IPB,"Merrill Lynch & Co., Inc. 6.0518% Index Plus Trust Certificates Series 2003-1",N
IPKW,Invesco International BuyBack Achievers ETF,Q
IPO,Renaissance IPO ETF,P
IPOS,Renaissance Capital Greenwich Fund,P
IQDF,FlexShares International Quality Dividend Index Fund,P
IQDG,WisdomTree International Quality Dividend Growth Fund,Z
IQDY,FlexShares International Quality Dividend Dynamic Index Fund,P
IQHI,NYLI MacKay High Income ETF,P
IQLT,iShares MSCI Intl Quality Factor ETF,P
IQM,Franklin Intelligent Machines ETF,Z
IQMM,ProShares GENIUS Money Market ETF,P
IQQ,iShares Nasdaq 100 ETF,Q
IQQQ,ProShares Nasdaq-100 High Income ETF,Q
IQRA,NYLI CBRE Real Assets ETF,P
IQSI,NYLI Candriam International Equity ETF,P
IQSM,NYLI Candriam U.S. Mid Cap Equity ETF,P
IQSU,NYLI Candriam U.S. Large Cap Equity ETF,P
IQSZ,Invesco Global Equity Net Zero ETF,P
IRE,Defiance Daily Target 2X Long IREN ETF,P
IREC,Corgi IREN 2x Daily ETF,Z
IREG,Leverage Shares 2X Long IREN Daily ETF,Q
IREX,Tradr 2X Long IREN Daily ETF,Z
IREZ,Tradr 2X Short IREN Daily ETF,Z
IROC,Invesco Rochester High Yield Municipal ETF,Z
IRTR,iShares LifePath Retirement ETF,P
IRVH,Global X Interest Rate Volatility & Inflation Hedge ETF,P
ISBG,IncomeSTKd 1x Bitcoin & 1x Gold Premium ETF,Z
ISCB,iShares Morningstar Small-Cap ETF,P
ISCF,iShares International Small-Cap Equity Factor ETF,P
ISCG,iShares Morningstar Small-Cap Growth ETF,P
ISCV,iShares Morningstar Small-Cap Value ETF,P
ISEP,Innovator International Developed Power Buffer ETF  September,P
ISHG,iShares 1-3 Year International Treasury Bond ETF,Q
ISHP,First Trust S-Network E-Commerce ETF,Q
ISMD,Inspire Small/Mid Cap ETF,P
ISMF,iShares Managed Futures Active ETF,Z
ISPY,ProShares S&P 500 High Income ETF,Z
ISRA,VanEck Israel ETF,P
ISSB,IncomeSTKd 1x US Stocks & 1x Bitcoin Premium ETF,Z
ISTB,iShares Core 1-5 Year USD Bond ETF,Q
ISTM,iShares Strategic Metals ETF,Q
ISUL,GraniteShares 2x Long ISRG Daily ETF,Q
ISVL,iShares International Developed Small Cap Value Factor ETF,Z
ISWN,Amplify BlackSwan ISWN ETF,P
ITA,iShares U.S. Aerospace & Defense ETF,Z
ITAN,Sparkline Intangible Value ETF,P
ITB,iShares U.S. Home Construction ETF,Z
ITDB,iShares LifePath Target Date 2030 ETF,P
ITDC,iShares LifePath Target Date 2035 ETF,P
ITDD,iShares LifePath Target Date 2040 ETF,P
ITDE,iShares LifePath Target Date 2045 ETF,P
ITDF,iShares LifePath Target Date 2050 ETF,P
ITDG,iShares LifePath Target Date 2055 ETF,P
ITDH,iShares LifePath Target Date 2060 ETF,P
ITDI,iShares LifePath Target Date 2065 ETF,P
ITDJ,iShares LifePath Target Date 2070 ETF,P
ITEQ,Amplify BlueStar Israel Technology ETF,P
ITM,VanEck Intermediate Muni ETF,Z
ITOT,iShares Core S&P Total U.S. Stock Market ETF,P
ITWO,ProShares Russell 2000 High Income ETF,Z
IUS,Invesco RAFI Strategic US ETF,Q
IUSB,iShares Core Universal USD Bond ETF,Q
IUSG,iShares Core S&P U.S. Growth ETF,Q
IUSV,iShares Core S&P U.S. Value ETF,Q
IVAL,Alpha Architect International Quantitative Value ETF,Q
IVE,iShares S&P 500 Value ETF,P
IVEP,Dan IVES Wedbush AI Power & Infrastructure ETF,P
IVES,Dan IVES Wedbush AI Revolution ETF,P
IVLU,iShares MSCI Intl Value Factor ETF,P
IVOG,Vanguard S&P Mid-Cap 400 Growth ETF,P
IVOL,Quadratic Interest Rate Volatility and Inflation Hedge ETF,P
IVOO,Vanguard S&P Mid-Cap 400 ETF,P
IVOV,Vanguard S&P Mid-Cap 400 Value ETF,P
IVRS,iShares Future Metaverse Tech and Communications ETF,P
IVSI,Applied Finance IVS International Large ETF,Q
IVSS,Applied Finance IVS US SMID ETF,Q
IVSX,Applied Finance IVS International SMID ETF,Q
IVV,iShares Core S&P 500 ETF,P
IVVB,iShares Large Cap Deep Quarterly Laddered ETF,Z
IVVM,iShares Large Cap Moderate Quarterly Laddered ETF,Z
IVVW,iShares S&P 500 BuyWrite ETF,Z
IVW,iShares S&P 500 Growth ETF,P
IWB,iShares Russell 1000 ETF,P
IWC,iShares Microcap ETF,P
IWD,iShares Russell 1000 Value ETF,P
IWDL,ETRACS 2x Leveraged US Value Factor TR ETN,P
IWF,iShares Russell 1000 Growth Fund,P
IWFG,NYLI Winslow Focused Large Cap Growth ETF,P
IWFL,ETRACS 2x Leveraged US Growth Factor TR ETN,P
IWL,iShares Russell Top 200 ETF,P
IWLG,NYLI Winslow Large Cap Growth ETF,P
IWM,iShares Russell 2000 Index Fund,P
IWMI,NEOS Russell 2000 High Income ETF,Z
IWML,ETRACS 2x Leveraged US Size Factor TR ETN,P
IWMW,iShares Russell 2000 BuyWrite ETF,Z
IWMY,Defiance R2000 Weekly Distribution ETF,P
IWN,iShares Russell 2000 Value ETF,P
IWO,iShares Russell 2000 Growth Fund,P
IWP,iShares Russell Midcap Growth ETF,P
IWR,iShares Russell Mid-Cap ETF,P
IWS,iShares Russell Mid-Cap Value ETF,P
IWV,iShares Russell 3000 Fund,P
IWX,iShares Russell Top 200 Value ETF,P
IWY,iShares Russell Top 200 Growth ETF,P
IXC,iShares Global Energy ETF,P
IXG,iShares Global Financial ETF,P
IXJ,iShares Global Healthcare ETF,P
IXN,iShares Global Tech ETF,P
IXP,iShares Global Comm Services ETF,P
IXUS,iShares Core MSCI Total International Stock ETF,Q
IYC,iShares U.S. Consumer Discretionary ETF,P
IYE,iShares U.S. Energy ETF,P
IYF,iShares U.S. Financial ETF,P
IYG,iShares U.S. Financial Services ETF,P
IYH,iShares U.S. Healthcare ETF,P
IYJ,iShares U.S. Industrials ETF,Z
IYK,iShares U.S. Consumer Staples ETF,P
IYLD,iShares Morningstar Multi-Asset Income ETF,Z
IYM,iShares U.S. Basic Materials ETF,P
IYR,iShares U.S. Real Estate ETF,P
IYRI,NEOS Real Estate High Income ETF,Z
IYT,iShares U.S. Transportation ETF,Z
IYW,iShares U.S. Technology ETF,P
IYY,iShares Dow Jones U.S. ETF,P
IYZ,iShares U.S. Telecommunications ETF,Z
IZRL,ARK Israel Innovative Technology ETF,Z
JA,Janus Henderson AA-A CLO ETF,P
JAAA,Janus Henderson AAA CLO ETF,P
JABS,Janus Henderson Asset-Backed Securities ETF,P
JADB,Aptus January Deep Buffer ETF,Z
JADE,JPMorgan Active Developing Markets Equity ETF,P
JAJL,Innovator Equity Defined Protection ETF - 6mo Jan/Jul,Z
JANB,Aptus January Buffer ETF,Z
JANH,Innovator Premium Income 20 Barrier ETF - January,Z
JANI,AllianzIM International Equity Buffer15 Uncapped Jan ETF,Z
JANJ,Innovator Premium Income 30 Barrier ETF - January,Z
JANM,FT Vest U.S. Equity Max Buffer ETF - January,Z
JANP,PGIM S&P 500 Buffer 12 ETF - January,Z
JANT,AllianzIM U.S. Large Cap Buffer10 Jan ETF,Z
JANU,AllianzIM U.S. Equity Buffer15 Uncapped Jan ETF,Z
JANW,AllianzIM U.S. Large Cap Buffer20 Jan ETF,Z
JANZ,TrueShares Structured Outcome (January) ETF,Z
JAPN,Horizon Kinetics Japan Owner Operator ETF,Q
JAVA,JPMorgan Active Value ETF,P
JBBB,Janus Henderson B-BBB CLO ETF,Z
JBLG,Leverage Shares 2X Long JBL Daily ETF,Z
JBND,JPMorgan Active Bond ETF,N
JCAL,JPMorgan California Tax Free Bond ETF,P
JCHI,JPMorgan Active China ETF,P
JCPB,JPMorgan Core Plus Bond ETF,P
JCPI,JPMorgan Inflation Managed Bond ETF,P
JDIV,JPMorgan Dividend Leaders ETF,P
JDOC,JPMorgan Healthcare Leaders ETF,Q
JDST,Direxion Daily Junior Gold Miners Index Bear 2X ETF,P
JDVI,John Hancock Disciplined Value International Select ETF,P
JDVL,John Hancock Disciplined Value Select ETF,P
JEDI,Defiance Drone and Modern Warfare ETF,P
JELH,Janus Henderson Equity Linked High Income ETF,Z
JELM,Janus Henderson Equity Linked Moderate Income ETF,Z
JEMA,JPMorgan ActiveBuilders Emerging Markets Equity ETF,Q
JEMB,Janus Henderson Emerging Markets Debt Hard Currency ETF,P
JEPI,JPMorgan Equity Premium Income ETF,P
JEPQ,JPMorgan Nasdaq Equity Premium Income ETF,Q
JETD,MAX Airlines -3X Inverse Leveraged ETNs,P
JETS,U.S. Global Jets ETF,P
JETU,MAX Airlines 3X Leveraged ETNs,P
JFLI,JPMorgan Flexible Income ETF,P
JFLX,JPMorgan Flexible Debt ETF,P
JGLO,JPMorgan Global Select Equity ETF,Q
JGRO,JPMorgan Active Growth ETF,P
JGRW,Jensen Quality Growth ETF,P
JHAC,John Hancock Fundamental All Cap Core ETF,P
JHAI,Janus Henderson Global Artificial Intelligence ETF,Q
JHCB,John Hancock Corporate Bond ETF,P
JHCP,John Hancock Core Plus Bond ETF,P
JHCR,John Hancock Core Bond ETF,P
JHDG,John Hancock Hedged Equity ETF,P
JHDV,John Hancock U.S. High Dividend ETF,P
JHEM,John Hancock Multifactor Emerging Markets ETF,P
JHHY,John Hancock High Yield ETF,P
JHID,John Hancock International High Dividend ETF,P
JHLN,John Hancock Global Senior Loan ETF,P
JHMB,John Hancock Mortgage-Backed Securities ETF,P
JHMD,John Hancock Multifactor Developed International ETF,P
JHML,John Hancock Multifactor Large Cap ETF,P
JHMM,John Hancock Multifactor Mid Cap ETF,P
JHMU,John Hancock Dynamic Municipal Bond ETF,P
JHPI,John Hancock Preferred Income ETF,P
JHSC,John Hancock Multifactor Small Cap ETF,P
JIDE,JPMorgan International Dynamic ETF,P
JIG,JPMorgan International Growth ETF,P
JIII,Janus Henderson Income ETF,P
JIRE,JPMorgan International Research Enhanced Equity ETF,P
JIVE,JPMorgan International Value ETF,Q
JLCO,John Hancock Large Cap Opportunities ETF,P
JLQD,Janus Henderson Corporate Bond ETF,P
JLVP,JPMorgan U.S. Large Cap Value Plus ETF,Q
JMBS,Janus Henderson Mortgage-Backed Securities ETF,P
JMEE,JPMorgan Small & Mid Cap Enhanced Equity ETF,P
JMHI,JPMorgan High Yield Municipal ETF,P
JMID,Janus Henderson Mid Cap Growth Alpha ETF,Q
JMMF,JPMorgan 100% U.S. Treasury Securities Money Market ETF,P
JMOM,JPMorgan U.S. Momentum Factor ETF,P
JMSI,JPMorgan Sustainable Municipal Income ETF,P
JMST,JPMorgan Ultra-Short Municipal Income ETF,P
JMTG,JPMorgan Mortgage-Backed Securities ETF,P
JMUB,JPMorgan Municipal ETF,P
JNEU,AllianzIM U.S. Equity Buffer15 Uncapped June ETF,Z
JNK,State Street SPDR Bloomberg High Yield Bond ETF,P
JNUG,Direxion Daily Junior Gold Miners Index Bull 2X ETF,P
JOBC,Corgi JOBY 2x Daily ETF,Z
JOBX,Tradr 2X Long JOBY Daily ETF,Z
JOET,Virtus Terranova U.S. Quality Momentum ETF,P
JOJO,ATAC Credit Rotation ETF,P
JOUL,Corgi High Voltage Grid Equipment ETF,Z
JOYT,JPMorgan Equity and Options Total Return ETF,Q
JPAN,Matthews Japan Active ETF,P
JPEF,JPMorgan Equity Focus ETF,Q
JPEM,JPMorgan Diversified Return Emerging Markets Equity ETF,P
JPFP,JPMorgan Managed Futures Plus ETF,Q
JPHY,JPMorgan Active High Yield ETF,P
JPIB,JPMorgan International Bond Opportunities ETF,P
JPIE,JPMorgan Income ETF,P
JPIN,JPMorgan Diversified Return International Equity ETF,P
JPLD,JPMorgan Limited Duration Bond ETF,P
JPMB,JPMorgan USD Emerging Markets Sovereign Bond ETF,P
JPME,JPMorgan Diversified Return U.S. Mid Cap Equity ETF,P
JPO,YieldMax JP Option Income Strategy ETF,P
JPRE,JPMorgan Realty Income ETF,P
JPRF,JPMorgan Preferred and Income Securities ETF,P
JPSE,JPMorgan Diversified Return U.S. Small Cap Equity ETF,P
JPST,JPMorgan Ultra-Short Income ETF,P
JPSV,JPMorgan Active Small Cap Value ETF,P
JPUS,JPMorgan Diversified Return U.S. Equity ETF,P
JPXN,iShares JPX-Nikkei 400 ETF,P
JPY,Lazard Japanese Equity ETF,Q
JQUA,JPMorgan U.S. Quality Factor ETF,P
JRE,Janus Henderson U.S. Real Estate ETF,P
JSCP,JPMorgan Short Duration Core Plus ETF,P
JSI,Janus Henderson Securitized Income ETF,P
JSMD,Janus Henderson Small/Mid Cap Growth Alpha ETF,Q
JSML,Janus Henderson Small Cap Growth Alpha ETF,Q
JSTC,Adasina Social Justice All Cap Global ETF,P
JTEK,JPMorgan U.S. Tech Leaders ETF,Q
JTNY,JPMorgan New York Tax Free Bond ETF,P
JUCY,Aptus Enhanced Yield ETF,Z
JUDB,Aptus July Deep Buffer ETF,Z
JUDO,Janus Henderson U.S. Equity Enhanced Income ETF,Z
JULB,Aptus July Buffer ETF,Z
JULC,Corgi U.S. Equities 10% Structured Buffer ETF - July Series,Z
JULH,Innovator Premium Income 20 Barrier ETF - July,Z
JULI,AllianzIM International Equity Buffer15 Uncapped Jul ETF,Z
JULJ,Innovator Premium Income 30 Barrier ETF - July,Z
JULM,FT Vest U.S. Equity Max Buffer ETF - July,Z
JULP,PGIM S&P 500 Buffer 12 ETF - July,Z
JULT,AllianzIM U.S. Large Cap Buffer10 Jul ETF,Z
JULU,AllianzIM U.S. Equity Buffer15 Uncapped Jul ETF,Z
JULW,AllianzIM U.S. Large Cap Buffer20 Jul ETF,Z
JULZ,TrueShares Structured Outcome (July) ETF,Z
JUNC,Corgi U.S. Equities 10% Structured Buffer ETF - June Series,Z
JUNM,FT Vest U.S. Equity Max Buffer ETF - June,Z
JUNP,PGIM S&P 500 Buffer 12 ETF - June,Z
JUNT,AllianzIM U.S. Large Cap Buffer10 Jun ETF,Z
JUNW,AllianzIM U.S. Large Cap Buffer20 Jun ETF,Z
JUNZ,TrueShares Structured Outcome (June) ETF,Z
JUSA,JPMorgan U.S. Research Enhanced Large Cap ETF,P
JUST,Goldman Sachs JUST U.S. Large Cap Equity ETF,P
JVAL,JPMorgan U.S. Value Factor ETF,P
JXI,iShares Global Utilities ETF,P
JXX,Janus Henderson Transformational Growth ETF,Z
KAMO,Kensington Credit Opportunities ETF,Z
KAPR,Innovator U.S. Small Cap Power Buffer ETF - April,Z
KARS,KraneShares Electric Vehicles and Future Mobility Index ETF,P
KAT,Scharf ETF,Q
KAUG,Innovator US Small Cap Power Buffer ETF - August,Z
KBA,KraneShares Bosera MSCI China A 50 Connect Index ETF,P
KBAB,KraneShares 2x Long BABA Daily ETF,Q
KBDU,KraneShares 2x Long BIDU Daily ETF,Q
KBE,State Street SPDR S&P Bank ETF,P
KBFR,Innovator U.S. Small Cap Managed 10 Buffer ETF,P
KBUF,KraneShares 90% KWEB Defined Outcome January 2027 ETF,P
KBWB,Invesco KBW Bank ETF,Q
KBWD,Invesco KBW High Dividend Yield Financial ETF,Q
KBWP,Invesco KBW Property & Casualty Insurance ETF,Q
KBWY,Invesco KBW Premium Yield Equity REIT ETF,Q
KCAI,KraneShares China Alpha Index ETF,P
KCCA,KraneShares California Carbon Allowance Strategy ETF,P
KCE,State Street SPDR S&P Capital Markets ETF,P
KCOP,Kurv Copper & Mining Enhanced Income ETF,Z
KCSH,KraneShares Sustainable Ultra Short Duration Index ETF,P
KDEC,Innovator U.S. Small Cap Power Buffer ETF - December,Z
KDEF,PLUS Korea Defense Industry Index ETF,P
KDRN,Kingsbarn Tactical Bond ETF,P
KDVD,Keeley Dividend ETF,P
KEAT,Keating Active ETF,Q
KEEX,Defiance Daily Target 2x Long KEEL ETF,Z
KEMQ,KraneShares Public-Private Emerging Markets Internet and Technology ETF,P
KEMX,KraneShares MSCI Emerging Markets ex China Index ETF,P
KEO,Kurv Equity Option Income ETF,Z
KEYG,Leverage Shares 2X Long KEYS Daily ETF,Z
KEYX,Corgi KEYS 2x Daily ETF,Z
KFEB,Innovator U.S. Small Cap Power Buffer ETF - February,Z
KGLD,Kurv Gold Enhanced Income ETF,Z
KGRN,KraneShares MSCI China Clean Technology Index ETF,P
KHPI,Kensington Hedged Premium Income ETF,Z
KHYB,KraneShares Asia Pacific High Income USD Bond ETF,P
KIE,State Street SPDR S&P Insurance ETF,P
KIQQ,KraneShares InspereX Nasdaq Dynamic Buffered High Income Index ETF,Q
KJAN,Innovator U.S. Small Cap Power Buffer ETF - January,Z
KJD,KraneShares 2x Long JD Daily ETF,Q
KJUL,Innovator U.S. Small Cap Power Buffer ETF - July,Z
KJUN,Innovator U.S. Small Cap Power Buffer ETF - June,Z
KLAG,Leverage Shares 2x Long KLAC Daily ETF,Q
KLIP,KraneShares KWEB Covered Call Strategy ETF,P
KLMN,Invesco MSCI North America Climate ETF,P
KLMT,Invesco MSCI Global Climate 500 ETF,P
KMAR,Innovator U.S. Small Cap Power Buffer ETF - March,Z
KMAY,Innovator U.S. Small Cap Power Buffer ETF - May,Z
KMCA,PLUS Korea Manufacturing Core Alliance Index ETF,P
KMEM,Kurv Memory Select ETF,Z
KMID,Virtus KAR Mid-Cap ETF,P
KMLI,KraneShares 2x Long MELI Daily ETF,Q
KMLM,KraneShares Mount Lucas Managed Futures Index Strategy ETF,P
KNCT,Invesco Next Gen Connectivity ETF,P
KNG,FT Vest S&P 500 Dividend Aristocrats Target Income ETF,Z
KNGZ,First Trust S&P 500 Diversified Dividend Aristocrats ETF,Q
KNO,AXS Knowledge Leaders ETF,P
KNOV,Innovator U.S. Small Cap Power Buffer ETF - November,Z
KNOW,Fundamentals First ETF,Z
KNRG,Simplify Kayne Anderson Energy and Infrastructure Credit ETF,P
KOCT,Innovator U.S. Small Cap Power Buffer ETF - October,Z
KOID,KraneShares Global Humanoid Robotics and Physical AI Index ETF,Q
KOKU,Xtrackers MSCI Kokusai Equity ETF,P
KOLD,ProShares UltraShort Bloomberg Natural Gas,P
KOMP,State Street SPDR S&P Kensho New Economies Composite ETF,P
KONG,Formidable Fortress ETF,Z
KOOL,North Shore Equity Rotation ETF,P
KORP,American Century Diversified Corporate Bond ETF,P
KORU,Direxion Daily South Korea Bull 3X ETF,P
KPDD,KraneShares 2x Long PDD Daily ETF,Q
KPHO,KraneShares Dragon Capital Growth of Vietnam Index ETF,P
KPRO,KraneShares 100% KWEB Defined Outcome January 2027 ETF,P
KQQQ,Kurv Technology Titans Select ETF,Q
KRBN,KraneShares Global Carbon Strategy ETF,P
KRE,State Street SPDR S&P Regional Banking ETF,P
KROP,Global X AgTech & Food Innovation ETF,Q
KRWX,Corgi South Korea 2x Daily ETF,Z
KRYP,ProShares CoinDesk 20 Crypto ETF,P
KSA,iShares MSCI Saudi Arabia ETF,P
KSEP,Innovator U.S. Small Cap Power Buffer ETF - September,Z
KSLV,Kurv Silver Enhanced Income ETF,Z
KSPY,KraneShares Hedgeye Hedged Equity Index ETF,P
KSTR,KraneShares China Technology & Semiconductor STAR 50 Index ETF,P
KTEC,KraneShares Hang Seng TECH Index ETF,P
KTUP,T-REX 2X Long KTOS Daily Target ETF,Z
KURE,KraneShares MSCI All China Health Care Index ETF,P
KVLE,KraneShares Value Line Dynamic Dividend Equity Index ETF,P
KWEB,KraneShares CSI China Internet ETF,P
KWH,GMO Power Infrastructure ETF,P
KWIN,KraneShares Wahed Alternative Income Index ETF,P
KWT,iShares MSCI Kuwait ETF,Z
KXI,iShares Global Consumer Staples ETF,P
KYC,Corgi Digital Banking & Fintech Infrastructure ETF,Z
KYLD,Kurv High Income ETF,Z
LABD,Direxion Daily S&P Biotech Bear 3X ETF,P
LABU,Direxion Daily S&P Biotech Bull 3X ETF,P
LABX,Tradr 2X Long ALAB Daily ETF,Z
LADM,Pacer Swan SOS Laddered Moderate ETF,Z
LALT,First Trust Multi-Strategy Alternative ETF,P
LAPR,Innovator Premium Income 15 Buffer ETF - April,Z
LASC,Corgi LASR 2x Daily ETF,Z
LATR,Corgi Buy Now Pay Later ETF,Z
LAZR,Tema Photonics & Optical ETF,P
LBAY,Leatherback Long/Short Alternative Yield ETF,P
LBO,WHITEWOLF Publicly Listed Private Equity ETF,Z
LCAP,Principal Capital Appreciation Select ETF,Z
LCDS,JPMorgan Fundamental Data Science Large Core ETF,Q
LCF,Touchstone US Large Cap Focused ETF,Z
LCLG,Logan Capital Broad Innovative Growth ETF,P
LCO,LOGIQ Contrarian Opportunities ETF,P
LCOW,Pacer S&P 500 Quality FCF Aristocrats ETF,Z
LCR,Leuthold Core ETF,P
LCTD,iShares World ex U.S. Carbon Transition Readiness Aware Active ETF,P
LCTO,Kurv U.S. Large Cap TaxOptimized ETF,Z
LCTU,iShares U.S. Carbon Transition Readiness Aware Active ETF,P
LDDR,LifeX 2035 Income Bucket ETF,Z
LDEM,iShares ESG MSCI EM Leaders ETF,Q
LDRC,iShares iBonds 1-5 Year Corporate Ladder ETF,P
LDRH,iShares iBonds 1-5 Year High Yield and Income Ladder ETF,P
LDRI,iShares iBonds 1-5 Year TIPS Ladder ETF,P
LDRT,iShares iBonds 1-5 Year Treasury Ladder ETF,P
LDRX,SGI Enhanced Market Leaders ETF,Q
LDSF,First Trust Low Duration Strategic Focus ETF,Q
LDUR,PIMCO Enhanced Low Duration Active Exchange-Traded Fund,P
LEGR,First Trust Indxx Innovative Transaction & Process ETF,Q
LEMB,iShares J.P. Morgan EM Local Currency Bond,P
LEND,SEI High Yield Bond & Alternative Credit ETF,Q
LENS,Sarmaya Thematic ETF,Z
LEUX,Tradr 2X Long LEU Daily ETF,Z
LEXI,Alexis Practical Tactical ETF,Q
LFAI,LifeX 2050 Longevity Income ETF,Z
LFAO,LifeX 2055 Longevity Income ETF,Z
LFAW,LifeX 2060 Longevity Income ETF,Z
LFBE,LifeX 2065 Longevity Income ETF,Z
LFDR,LifeX Durable Income ETF,Z
LFEQ,VanEck Long/Flat Trend ETF,P
LFGY,YieldMax Crypto Industry & Tech Portfolio Option Income ETF,P
LFSC,F/m Emerald Life Sciences Innovation ETF,Q
LGCF,Themes US Cash Flow Champions ETF,Q
LGDS,JPMorgan Fundamental Data Science Large Growth ETF,Q
LGDX,Intech S&P Large Cap Diversified Alpha ETF,P
LGH,HCM Defender 500 Index ETF,P
LGHT,Langar Global HealthTech ETF,Z
LGLV,State Street SPDR US Large Cap Low Volatility Index ETF,P
LGOV,First Trust Long Duration Opportunities ETF,P
LGRO,Level Four Large Cap Growth Active ETF,Q
LIAE,LifeX 2050 Inflation-Protected Longevity Income ETF,Z
LIAM,LifeX 2055 Inflation-Protected Longevity Income ETF,Z
LIAU,LifeX 2060 Inflation-Protected Longevity Income ETF,Z
LIBD,LifeX 2065 Inflation-Protected Longevity Income ETF,Z
LIFT,LifeX 2028 Income Bucket ETF,Z
LIMI,Themes Lithium & Battery Metal Miners ETF,Z
LINT,Direxion Daily INTC Bull 2X ETF,Q
LIT,Global X Lithium & Battery Tech ETF,P
LITC,Corgi LITE 2x Daily ETF,Z
LITL,Simplify Piper Sandler US Small-Cap PLUS Income ETF,P
LITP,Sprott Lithium Miners ETF,Q
LITU,T-REX 2X Long LITE Daily Target ETF,Z
LITX,Tradr 2X Long LITE Daily ETF,Z
LITZ,Tradr 2X Short LITE Daily ETF,Z
LJAN,Innovator Premium Income 15 Buffer ETF - January,Z
LJUL,Innovator Premium Income 15 Buffer ETF - July,Z
LKOR,FlexShares Credit-Scored US Long Corporate Bond Index Fund,Z
LLDR,Global X Long-Term Treasury Ladder ETF,P
LLYX,Defiance Daily Target 2X Long LLY ETF,P
LMBS,First Trust Low Duration Opportunities ETF,Q
LMNX,Defiance Daily Target 2x Long LMND ETF,Q
LMTL,Direxion Daily LMT Bull 2X ETF,Q
LMUB,iShares Long-Term National Muni Bond ETF,P
LNGX,Global X U.S. Natural Gas ETF,P
LNOK,Defiance Daily Target 2X Long NOK ETF,Z
LOCT,Innovator Premium Income 15 Buffer ETF - October,Z
LODI,AAM SLC Low Duration Income ETF,P
LOEV,Harding Loevner International Developed Markets Select Equity ETF,P
LOFF,Direxion Daily SpaceX Bull 2X ETF,P
LOGO,Alpha Brands Consumption Leaders ETF,Q
LOHA,Roundhill HALO ETF,Z
LONZ,PIMCO Senior Loan Active Exchange-Traded Fund,P
LOPP,Gabelli Love Our Planet & People ETF Gabelli Love Our Planet & People ETF,P
LOTI,Liberty One Tactical Income ETF,Q
LOUP,Innovator Deepwater Frontier Tech ETF,P
LOWV,AB US Low Volatility Equity ETF,P
LPRE,Long Pond Real Estate Select ETF,P
LQ,Simplify Tax Aware Alternatives ETF,Q
LQAI,LG QRAFT AI-Powered U.S. Large Cap Core ETF,P
LQD,iShares iBoxx $ Investment Grade Corporate Bond ETF,P
LQDB,iShares BBB Rated Corporate Bond ETF,P
LQDH,iShares Interest Rate Hedged Corporate Bond ETF,P
LQDI,iShares Inflation Hedged Corporate Bond ETF,Z
LQDM,Amplify LQD Investment Grade 12% Target Income ETF,Z
LQDW,iShares Investment Grade Corporate Bond BuyWrite Strategy ETF,Z
LQID,Kurv Enhanced Short Maturity ETF,Z
LQTI,FT Vest Investment Grade & Target Income ETF,P
LRCC,Corgi LRCX 2x Daily ETF,Z
LRCU,Tradr 2X Long LRCX Daily ETF,Z
LRGC,AB US Large Cap Strategic Equities ETF,P
LRGE,ClearBridge Large Cap Growth Select ETF,Q
LRGF,iShares U.S. Equity Factor ETF,P
LRGG,Nomura Focused Large Growth ETF,P
LRND,NYLI U.S. Large Cap R&D Leaders ETF,Q
LRNX,Corgi LRN 2x Daily ETF,Z
LRNZ,"TrueShares Technology, AI & Deep Learning ETF",Z
LSAF,LeaderShares AlphaFactor US Core Equity ETF,P
LSAT,LeaderShares AlphaFactor Tactical Focused ETF,P
LSCP,Natixis Loomis Sayles Dynamic Core Plus ETF,P
LSEQ,Harbor Long-Short Equity ETF,P
LSGR,Natixis Loomis Sayles Focused Growth ETF,P
LST,Leuthold Select Industries ETF,P
LSTB,Natixis Loomis Sayles Total Return Bond ETF,P
LSVD,LSV Disciplined Value ETF,P
LTAX,Nomura Tax-Free USA ETF,P
LTCC,Canary Litecoin ETF,Q
LTL,ProShares Ultra Communication Services,P
LTPZ,Pimco 15  Year U.S. TIPS Index Exchange-Traded Fund,P
LTTI,FT Vest 20+ Year Treasury & Target Income ETF,P
LULG,Leverage Shares 2X Long LULU Daily ETF,Q
LUMA,KraneShares Photonic and Optical ETF,P
LUNL,Defiance Daily Target 2X Long LUNR ETF,Z
LVDS,JPMorgan Fundamental Data Science Large Value ETF,Q
LVHD,Franklin U.S. Low Volatility High Dividend Index ETF,Q
LVHI,Franklin International Low Volatility High Dividend Index ETF,Z
LVIG,Longview Advantage Fixed Income ETF,Q
LVLN,State Street SPDR S&P Leveraged Loan ETF,P
LYLD,Cambria Large Cap Shareholder Yield ETF,Z
MAAY,GraniteShares YieldBOOST MARA ETF,Q
MADE,iShares U.S. Manufacturing ETF,P
MAGA,Truth Social America First ETF,P
MAGC,Roundhill China Magnificent Seven ETF,Z
MAGG,Madison Aggregate Bond ETF,P
MAGS,Roundhill Magnificent Seven ETF,Z
MAGX,Roundhill Daily 2X Long Magnificent Seven ETF,Z
MAGY,Roundhill Magnificent Seven Covered Call ETF,Z
MAKX,ProShares S&P Kensho Smart Factories ETF,P
MAMB,Monarch Ambassador Income Index ETF,Z
MANI,Man Active Income ETF,P
MAPP,Harbor Multi-Asset Explorer ETF,P
MARM,FT Vest U.S. Equity Max Buffer ETF - March,Z
MARO,YieldMax MARA Option Income Strategy ETF,P
MARS,Roundhill Space & Technology ETF,Z
MART,AllianzIM U.S. Large Cap Buffer10 Mar ETF,Z
MARU,AllianzIM U.S. Equity Buffer15 Uncapped Mar ETF,Z
MARW,AllianzIM U.S. Large Cap Buffer20 Mar ETF,Z
MARZ,TrueShares Structured Outcome (March) ETF,Z
MATE,Man Active Trend Enhanced ETF,Q
MAUG,Pacer Swan SOS Moderate (August) ETF,Z
MAVF,Matrix Advisors Value ETF,P
MAXI,Simplify Bitcoin Strategy ETF,Q
MAXJ,iShares Large Cap Max Buffer Jun ETF,Z
MAYC,Corgi U.S. Equities 10% Structured Buffer ETF - May Series,Z
MAYM,FT Vest U.S. Equity Max Buffer ETF - May,Z
MAYP,PGIM S&P 500 Buffer 12 ETF - May,Z
MAYT,AllianzIM U.S. Large Cap Buffer10 May ETF,Z
MAYU,AllianzIM U.S. Equity Buffer15 Uncapped May ETF,Z
MAYW,AllianzIM U.S. Large Cap Buffer20 May ETF,Z
MAYZ,TrueShares Structured Outcome (May) ETF,Z
MBB,iShares MBS ETF,Q
MBBA,iShares Mortgage-Backed Securities Active ETF,Z
MBBB,VanEck Moody's Analytics BBB Corporate Bond ETF,Z
MBCE,Monarch Blue Chips Elite Index ETF,Z
MBND,State Street Nuveen Municipal Bond ETF,Z
MBOX,Freedom Day Dividend ETF,P
MBS,Angel Oak Mortgage-Backed Securities ETF,Q
MBSD,FlexShares Disciplined Duration MBS Index Fund,P
MBSF,Regan Floating Rate MBS ETF,P
MBSX,Regan Fixed Rate MBS ETF,P
MCDS,JPMorgan Fundamental Data Science Mid Core ETF,Q
MCH,Matthews China Active ETF,P
MCHG,Leverage Shares 2X Long MCHP Daily ETF,Z
MCHI,iShares MSCI China ETF,Q
MCHS,Matthews China Innovators Active ETF,Q
MCHU,Tradr 2X Long MCHP Daily ETF,Z
MCOW,Pacer S&P MidCap 400 Quality FCF Aristocrats ETF,Z
MCVT,Miller Convertible Total Return ETF,P
MDAA,Myriad Dynamic Asset Allocation ETF,P
MDCR,Pacer Swan SOS Moderate December ETF,Z
MDEV,First Trust Indxx Medical Devices ETF,Z
MDIV,Multi-Asset Diversified Income Index Fund,Q
MDLV,Morgan Dempsey Large Cap Value ETF,Z
MDPL,Monarch Dividend Plus Index ETF,Z
MDST,Westwood Salient Enhanced Midstream Income ETF,N
MDY,State Street SPDR S&P MIDCAP 400 ETF Trust,P
MDYG,State Street SPDR S&P 400 Mid Cap Growth ETF,P
MDYV,State Street SPDR S&P 400 Mid Cap Value ETF,P
MEAR,iShares Short Maturity Municipal Bond Active ETF,Z
MEDI,Harbor Health Care ETF,P
MEDX,Horizon Kinetics Medical ETF,Q
MEIB,Direxion META Defined Income Boost ETF,Z
MEM,Matthews Emerging Markets Equity Active ETF,P
MEMA,Man Active Emerging Markets Alternative ETF,Q
MEME,Roundhill Meme Stock ETF,P
MEMS,Matthews Emerging Markets Discovery Active ETF,Q
MEMX,Matthews Emerging Markets ex China Active ETF,P
MEMY,Tuttle Capital Meme Stock Income Blast ETF,Z
METD,Direxion Daily META Bear 1X ETF,Q
METG,Leverage Shares 2X Long META Daily ETF,Z
METL,Sprott Active Metals & Miners ETF,Q
METU,Direxion Daily META Bull 2X ETF,Q
METV,Roundhill Ball Metaverse ETF,P
METW,Roundhill META WeeklyPay ETF,Z
MEXX,Direxion Daily MSCI Mexico Bull 3X ETF,P
MFDX,PIMCO RAFI Dynamic Multi-Factor International Equity ETF,P
MFEB,Pacer Swan SOS Moderate (February) ETF,Z
MFEM,PIMCO RAFI Dynamic Multi-Factor Emerging Markets Equity ETF,P
MFIG,Motley Fool Innovative Growth ETF,Q
MFLX,First Trust Flexible Municipal High Income ETF,Q
MFMO,Motley Fool Momentum Factor ETF,Q
MFSB,MFS Active Core Plus Bond ETF,N
MFSG,MFS Active Growth ETF,N
MFSI,MFS Active International ETF,N
MFSM,MFS Active Intermediate Muni Bond ETF,N
MFSV,MFS Active Value ETF,N
MFUL,Mindful Conservative ETF,Z
MFUS,PIMCO RAFI Dynamic Multi-Factor U.S. Equity ETF,P
MFUT,Cambria Chesapeake Pure Trend ETF,Z
MFVL,Motley Fool Value Factor ETF,Q
MGC,Vanguard Morningstar Mega Cap ETF,P
MGK,Vanguard Morningstar Mega Cap Growth ETF,P
MGKX,Corgi U.S. Mega-Cap Growth 2x Daily ETF,Z
MGMT,Ballast Small/Mid Cap ETF,P
MGNR,American Beacon Select Funds American Beacon GLG Natural Resources ETF,P
MGOV,First Trust Intermediate Government Opportunities ETF,P
MGV,Vanguard Morningstar Mega Cap Value ETF,P
MHIG,Milliman Healthcare Inflation Guard ETF,P
MHIP,Milliman Healthcare Inflation Plus ETF,P
MHX,Corgi MARA 2x Daily ETF,Z
MHY,Man Active High Yield ETF,P
MIC,Corgi MU 2x Daily ETF,Z
MID,American Century Mid Cap Growth Impact ETF,P
MIDE,Xtrackers S&P MidCap 400 Scored & Screened ETF,P
MIDU,Direxion Mid Cap Bull 3X ETF,P
MIG,VanEck Moody's Analytics IG Corporate Bond ETF,Z
MIGO,MIG Core ETF,P
MILK,Pacer US Cash Cows Bond ETF,Z
MILN,Global X Millennial Consumer ETF,Q
MINN,Mairs & Power Minnesota Municipal Bond ETF,Z
MINO,PIMCO Municipal Income Opportunities Active Exchange-Traded Fund,P
MINT,PIMCO Enhanced Short Maturity Active Exchange-Traded Fund,P
MINV,Matthews Asia Innovators Active ETF,P
MINY,YieldMax Strategic Metals & Mining Portfolio Option Income ETF,P
MISL,First Trust Indxx Aerospace & Defense ETF,P
MIVL,MFS Active International Value ETF,P
MJ,Amplify Alternative Harvest ETF,P
MJSC,MUFG Japan Small Cap Active ETF,P
MJUN,Pacer Swan SOS Moderate June ETF,Z
MKAM,MKAM ETF,Q
MKOR,Matthews Korea Active ETF,P
MKTN,Federated Hermes MDT Market Neutral ETF,P
MLDR,Global X Intermediate-Term Treasury Ladder ETF,P
MLN,VanEck Long Muni ETF,Z
MLPA,Global X MLP ETF,P
MLPD,Global X MLP & Energy Infrastructure Covered Call ETF,P
MLPI,NEOS MLP & Energy Infrastructure High Income ETF,Z
MLPR,ETRACS Quarterly Pay 1.5X Leveraged Alerian MLP Index ETN,P
MLPX,Global X MLP & Energy Infrastructure ETF,P
MMAR,Pacer Swan SOS Moderate March ETF,Z
MMAX,iShares Large Cap Max Buffer Mar ETF,Z
MMAY,Pacer Swan SOS Moderate (May) ETF,Z
MMCA,NYLI MacKay California Muni Intermediate ETF,P
MMID,MFS Active Mid Cap ETF,N
MMIN,NYLI MacKay Muni Insured ETF,P
MMIT,NYLI MacKay Muni Intermediate ETF,P
MMK,State Street Prime Money Market ETF,N
MMKT,Texas Capital Government Money Market ETF,N
MMMA,NYLI MacKay Muni Allocation ETF,P
MMSC,First Trust Multi-Manager Small Cap Opportunities ETF,P
MMSD,NYLI MacKay Muni Short Duration ETF,P
MMTM,State Street SPDR S&P 1500 Momentum Tilt ETF,P
MNA,NYLI Merger Arbitrage ETF,P
MNBD,ALPS BBH Intermediate Municipal Bond ETF,P
MNRS,Grayscale Bitcoin Miners ETF,P
MNSX,Corgi MNST 2x Daily ETF,Z
MNVR,Pacer Swan SOS Moderate (November) ETF,Z
MNVT,Moonvest ETF,Q
MNZL,Manzil Russell Halal USA Broad Market ETF,Q
MOAT,VanEck Morningstar Wide Moat ETF,Z
MODL,VictoryShares WestEnd U.S. Sector ETF,Q
MOO,VanEck Agribusiness ETF,P
MOOD,Relative Sentiment Tactical Allocation ETF,Q
MORT,VanEck Mortgage REIT Income ETF,P
MOTG,VanEck Morningstar Global Wide Moat ETF,Z
MOTI,VanEck Morningstar International Moat ETF,Z
MOTO,Guinness Atkinson Smart Transportation & Technology ETF,P
MPG,Leverage Shares 2X Long MP Daily ETF,Q
MPL,Defiance Daily Target 2X Long MP ETF,P
MPLY,Monopoly ETF,Z
MPRO,Monarch ProCap Index ETF,Z
MPWC,Corgi MPWR 2x Daily ETF,Z
MPWX,Tradr 2X Long MPWR Daily ETF,Z
MQQQ,Tradr 2X Long Innovation 100 Monthly ETF,Q
MRA,GraniteShares Autocallable MARA ETF,Q
MRAL,GraniteShares 2x Long MARA Daily ETF,Q
MRCP,PGIM S&P 500 Buffer 12 ETF - March,Z
MRGR,ProShares Merger ETF,Z
MRNX,Defiance Daily Target 2X Long MRNA ETF,P
MRNY,YieldMax MRNA Option Income Strategy ETF,P
MRSK,Toews Agility Shares Managed Risk ETF,P
MRVU,Direxion Daily MRVL Bull 2X ETF,Q
MRVX,Corgi MRVL 2x Daily ETF,Z
MSBT,Common Units of Beneficial Interest of Morgan Stanley Bitcoin Trust,P
MSEP,Pacer Swan SOS Moderate September ETF,Z
MSFC,Corgi MSFT 2x Daily ETF,Z
MSFD,Direxion Daily MSFT Bear 1X ETF,Q
MSFL,GraniteShares 2x Long MSFT Daily ETF,Q
MSFO,YieldMax MSFT Option Income Strategy ETF,P
MSFU,Direxion Daily MSFT Bull 2X ETF,Q
MSFW,Roundhill MSFT WeeklyPay ETF,Z
MSFX,T-Rex 2X Long Microsoft Daily Target ETF,Z
MSFY,Kurv Yield Premium Strategy Microsoft (MSFT) ETF,Z
MSIX,Corgi MSI 2x Daily ETF,Z
MSLC,Morgan Stanley Pathway Large Cap Equity ETF,P
MSMR,McElhenny Sheffield Managed Risk ETF,Z
MSOL,Morgan Stanley Solana Trust,P
MSOS,AdvisorShares Pure US Cannabis ETF,P
MSOX,AdvisorShares MSOS Daily Leveraged ETF,P
MSR,GraniteShares Autocallable MSTR ETF,Q
MSSE,Morgan Stanley Ethereum Trust,P
MSSM,Morgan Stanley Pathway Small-Mid Cap Equity ETF,P
MSSS,Monarch Select Subsector Index ETF,Z
MSST,YieldMax MSTR Performance & Distribution Target 25 ETF,Z
MST,Defiance Leveraged Long + Income MSTR ETF,Q
MSTB,LHA Market State Tactical Beta ETF,Z
MSTC,Corgi MSTR 2x Daily ETF,Z
MSTI,Madison Short Term Strategic Income ETF,P
MSTP,GraniteShares 2x Long MSTR Daily ETF,Q
MSTQ,LHA Market State Tactical Q ETF,Z
MSTU,T-Rex 2X Long MSTR Daily Target ETF,Z
MSTW,Roundhill MSTR WeeklyPay ETF,Z
MSTX,Defiance Daily Target 2x Long MSTR ETF,Q
MSTY,YieldMax MSTR Option Income Strategy ETF,P
MSTZ,T-Rex 2X Inverse MSTR Daily Target ETF,Z
MTBA,Simplify MBS ETF,P
MTGP,WisdomTree Mortgage Plus Bond Fund,P
MTRA,Invesco International Growth Focus ETF,Z
MTSG,Leverage Shares 2X Long MTSI Daily ETF,Z
MTUL,ETRACS 2x Leveraged MSCI US Momentum Factor TR ETN,P
MTUM,iShares MSCI USA Momentum Factor ETF,Z
MTYY,GraniteShares YieldBOOST MSTR ETF,Q
MUB,iShares National Muni Bond ETF,P
MUD,Direxion Daily MU Bear 1X ETF,Q
MUIB,Direxion MU Defined Income Boost ETF,Z
MULL,GraniteShares 2x Long MU Daily ETF,Q
MULT,Franklin Multisector Income ETF,Q
MUNA,Northern Trust 2030 Tax-Exempt Distributing Ladder ETF,P
MUNB,Northern Trust 2035 Tax-Exempt Distributing Ladder ETF,P
MUNC,Northern Trust 2045 Tax-Exempt Distributing Ladder ETF,P
MUND,Northern Trust 2055 Tax-Exempt Distributing Ladder ETF,P
MUNI,PIMCO Intermediate Municipal Bond Active Exchange-Traded Fund,P
MUNX,AMG GW&K Muni Income ETF,P
MUNY,Vanguard New York Tax-Exempt Bond ETF,Z
MUSE,TCW Multisector Credit Income ETF,N
MUSI,American Century Multisector Income ETF,P
MUSQ,MUSQ Global Music Industry Index ETF,P
MUST,Columbia Multi-Sector Municipal Income ETF,P
MUU,Direxion Daily MU Bull 2X ETF,Q
MUYY,GraniteShares YieldBOOST MU ETF,Q
MUZ,Defiance Daily Target 2X Short MU ETF,P
MVAL,VanEck Morningstar Wide Moat Value ETF,Z
MVFD,Monarch Volume Factor Dividend Tree Index ETF,Z
MVFG,Monarch Volume Factor Global Unconstrained Index ETF,Z
MVLL,GraniteShares 2x Long MRVL Daily ETF,Q
MVPA,Miller Value Partners Appreciation ETF,P
MVPL,Miller Value Partners Leverage ETF,P
MVRL,ETRACS Monthly Pay 1.5X Leveraged Mortgage REIT ETN,P
MVV,ProShares Ultra MidCap400,P
MWHS,Skylar Electricity Futures ETF,P
MXI,iShares Global Materials ETF,P
MYCF,State Street My2026 Corporate Bond ETF,Q
MYCG,State Street My2027 Corporate Bond ETF,Q
MYCH,State Street My2028 Corporate Bond ETF,Q
MYCI,State Street My2029 Corporate Bond ETF,Q
MYCJ,State Street My2030 Corporate Bond ETF,Q
MYCK,State Street My2031 Corporate Bond ETF,Q
MYCL,State Street My2032 Corporate Bond ETF,Q
MYCM,State Street My2033 Corporate Bond ETF,Q
MYCN,State Street My2034 Corporate Bond ETF,Q
MYCO,State Street My2035 Corporate Bond ETF,Q
MYHA,State Street My2027 High Yield Corporate Bond ETF,Q
MYHB,State Street My2028 High Yield Corporate Bond ETF,Q
MYHC,State Street My2029 High Yield Corporate Bond ETF,Q
MYHD,State Street My2030 High Yield Corporate Bond ETF,Q
MYHE,State Street My2031 High Yield Corporate Bond ETF,Q
MYLD,Cambria Micro and SmallCap Shareholder Yield ETF,Z
MYMF,State Street My2026 Municipal Bond ETF,Q
MYMG,State Street My2027 Municipal Bond ETF,Q
MYMH,State Street My2028 Municipal Bond ETF,Q
MYMI,State Street My2029 Municipal Bond ETF,Q
MYMJ,State Street My2030 Municipal Bond ETF,Q
MYMK,State Street My2031 Municipal Bond ETF,Q
MYY,ProShares Short MidCap400,P
MZZ,ProShares UltraShort MidCap400,P
NACP,Impact Shares NAACP Minority Empowerment ETF,P
NAIL,Direxion Daily Homebuilders & Supplies Bull 3X ETF,P
NANC,Subversive Congressional Democrats Trading ETF,Z
NANR,State Street SPDR S&P North American Natural Resources ETF,P
NAPR,Innovator Growth-100 Power Buffer ETF - April,Z
NASA,Tema Space Innovators ETF,P
NATO,Themes Transatlantic Defense ETF,Q
NAUG,Innovator Growth-100 Power Buffer ETF - August,Z
NBCE,Neuberger China Equity ETF,P
NBCM,Neuberger Commodity Strategy ETF,P
NBCR,Neuberger Core Equity ETF,P
NBDS,Neuberger Disrupters ETF,P
NBET,Neuberger Energy Transition & Infrastructure ETF,P
NBFC,Neuberger Flexible Credit Income ETF,P
NBFR,Innovator Nasdaq-100 Managed 10 Buffer ETF,P
NBGX,Neuberger Growth ETF,P
NBIC,Corgi NBIS 2x Daily ETF,Z
NBIE,Neuberger International Core Equity ETF,P
NBIG,Leverage Shares 2X Long NBIS Daily ETF,Q
NBIL,GraniteShares 2x Long NBIS Daily ETF,Q
NBIZ,Tradr 2X Short NBIS Daily ETF,Z
NBJP,Neuberger Japan Equity ETF,P
NBOS,Neuberger Option Strategy ETF,P
NBSD,Neuberger Short Duration Income ETF,P
NBSM,Neuberger Small-Mid Cap ETF,P
NBTR,Neuberger Total Return Bond ETF,P
NCIQ,Hashdex Nasdaq CME Crypto Index ETF,Q
NCLO,Nuveen AA-BBB CLO ETF,P
NCPB,Nuveen Core Plus Bond ETF,Q
NDAA,Ned Davis Research 360 Dynamic Allocation ETF,Q
NDEC,Innovator Growth-100 Power Buffer ETF - December,Z
NDIA,Global X India Active ETF,P
NDIV,Amplify Energy & Natural Resources Covered Call ETF,P
NDOW,Anydrus Advantage ETF,Z
NEAR,iShares Short Duration Bond Active ETF,Z
NEBX,Tradr 2X Long NBIS Daily ETF,Z
NEHI,NEOS Ethereum High Income ETF,Z
NELS,Nelson Select ETF,Z
NEMD,Neuberger Emerging Markets Debt Hard Currency ETF,P
NEMG,Leverage Shares 2x Long NEM Daily ETF,Q
NERD,Roundhill Video Games ETF,Z
NETG,Leverage Shares 2X Long NET Daily ETF,Q
NETL,Colterpoint Net Lease Real Estate ETF,P
NEWZ,StockSnips AI-Powered Sentiment US All Cap ETF,Q
NFEB,Innovator Growth-100 Power Buffer ETF - February,Z
NFLP,Kurv Yield Premium Strategy Netflix (NFLX) ETF,Z
NFLT,Virtus Newfleet Multi-Sector Bond ETF,P
NFLU,T-Rex 2X Long NFLX Daily Target ETF,Z
NFLW,Roundhill NFLX WeeklyPay ETF,Z
NFLY,YieldMax NFLX Option Income Strategy ETF,P
NFRA,FlexShares STOXX Global Broad Infrastructure Index Fund,P
NFRX,Harrison Street Infrastructure Active ETF,Q
NFTY,First Trust India Nifty 50 Equal Weight ETF,Q
NFX,Corgi NFLX 2x Daily ETF,Z
NFXL,Direxion Daily NFLX Bull 2X ETF,Q
NFXS,Direxion Daily NFLX Bear 1X ETF,Q
NGHT,Nicholas Bitcoin and Treasuries AfterDark ETF,Q
NGIF,Nuveen Global Infrastructure Fund: ETF Class Shares,P
NHYB,Nuveen High Yield Corporate Bond ETF,P
NHYM,Nuveen High Yield Municipal Income ETF,P
NICO,Hexis Active Nicotine Engagement ETF,P
NIHI,NEOS MSCI EAFE High Income ETF,Z
NIKL,Sprott Nickel Miners ETF,Q
NIOG,Leverage Shares 2X Long NIO Daily ETF,Q
NISM,NYLI International Small-Mid Cap Equity ETF,P
NITE,The Nightview Fund NITE,P
NIXT,Research Affiliates Deletions ETF,Q
NJAN,Innovator Growth-100 Power Buffer ETF - January,Z
NJNK,Columbia U.S. High Yield ETF,P
NJUL,Innovator Growth-100 Power Buffer ETF - July,Z
NJUN,Innovator Growth-100 Power Buffer ETF - June,Z
NLR,VanEck Uranium and Nuclear ETF,P
NLSI,NEOS Long/Short Equity Income ETF,Z
NMAR,Innovator Growth-100 Power Buffer ETF - March,Z
NMAY,Innovator Growth-100 Power Buffer ETF - May,Z
NMB,Simplify National Muni Bond ETF,P
NMBL,NovaTide Flexible Allocation ETF,P
NNOV,Innovator Growth-100 Power Buffer ETF - November,Z
NOBL,ProShares S&P 500 Dividend Aristocrats ETF,Z
NOCT,Innovator Growth-100 Power Buffer ETF- October,Z
NODE,VanEck Onchain Economy ETF,Z
NOEQ,Northern Trust US Equity ETF,P
NORW,Global X MSCI Norway ETF,P
NOVM,FT Vest U.S. Equity Max Buffer ETF - November,Z
NOVP,PGIM S&P 500 Buffer 12 ETF - November,Z
NOVZ,TrueShares Structured Outcome (November) ETF,Z
NOWL,GraniteShares 2x Long NOW Daily ETF,Q
NOWX,Corgi NOW 2x Daily ETF,Z
NPFE,NPF Core Equity ETF,Z
NPFI,Nuveen Preferred and Income ETF,Q
NQLT,Neuberger Quality Select ETF,P
NRES,Xtrackers RREEF Global Natural Resources ETF,Q
NRGD,"MicroSectors U.S. Big Oil -3 Inverse Leveraged ETNs due February 17, 2045",P
NRGU,"MicroSectors U.S. Big Oil 3 Leveraged ETNs due February 17, 2045",P
NRSH,Aztlan North America Nearshoring Stock Selection ETF,P
NSCI,Nuveen Securitized Income ETF,P
NSEP,Innovator Growth-100 Power Buffer ETF - September,Z
NSI,National Security Emerging Markets Index ETF,Q
NSIG,North Square Growth Opportunities ETF,P
NSIV,North Square Disciplined Value ETF,P
NTAL,GraniteShares 2x Long NTAP Daily ETF,Q
NTRL,First Trust Equity Market Neutral ETF,P
NTSD,WisdomTree Efficient U.S. Plus International Equity Fund,P
NTSE,WisdomTree Emerging Markets Efficient Core Fund,P
NTSI,WisdomTree International Efficient Core Fund,P
NTSX,WisdomTree U.S. Efficient Core Fund,P
NUAG,Nuveen Enhanced Yield U.S. Aggregate Bond ETF,P
NUBD,Nuveen ESG U.S. Aggregate Bond ETF,P
NUDG,Nuveen Dividend Growth Fund: ETF Class Shares,P
NUDM,Nuveen ESG International Developed Markets Equity ETF,Z
NUDV,Nuveen ESG Dividend ETF,Z
NUEM,Nuveen ESG Emerging Markets Equity ETF,Z
NUG,Leverage Shares 2X Long NU Daily ETF,Q
NUGO,Nuveen Growth Opportunities ETF,P
NUGT,Direxion Daily Gold Miners Index Bull 2X ETF,P
NUGY,GraniteShares YieldBOOST Gold Miners ETF,Q
NUHY,Nuveen ESG High Yield Corporate Bond ETF,P
NUIF,Nuveen US Infrastructure ETF,Q
NUKX,Nicholas Nuclear Income ETF,P
NUKZ,Range Nuclear Renaissance Index ETF,P
NULC,Nuveen ESG Large-Cap ETF,Z
NULG,Nuveen ESG Large-Cap Growth ETF,Z
NULV,Nuveen ESG Large-Cap Value ETF,Z
NUMG,Nuveen ESG Mid-Cap Growth ETF,Z
NUMI,Nuveen Municipal Income ETF,P
NUMV,Nuveen ESG Mid-Cap Value ETF,Z
NURE,Nuveen Short-Term REIT ETF,Z
NUSA,Nuveen ESG 1-5 Year U.S. Aggregate Bond ETF,P
NUSB,Nuveen Ultra Short Income ETF,Q
NUSC,Nuveen ESG Small-Cap ETF,Z
NVBT,AllianzIM U.S. Large Cap Buffer10 Nov ETF,Z
NVBU,AllianzIM U.S. Equity Buffer15 Uncapped Nov ETF,Z
NVBW,AllianzIM U.S. Large Cap Buffer20 Nov ETF,Z
NVC,Corgi NVDA 2x Daily ETF,Z
NVD,GraniteShares 2x Short NVDA Daily ETF,Q
NVDB,ProShares Ultra NVDA,P
NVDD,Direxion Daily NVDA Bear 1X ETF,Q
NVDG,Leverage Shares 2X Long NVDA Daily ETF,Q
NVDL,GraniteShares 2x Long NVDA Daily ETF,Q
NVDQ,T-Rex 2X Inverse NVIDIA Daily Target ETF,Z
NVDS,Tradr 1.5X Short NVDA Daily ETF,Q
NVDU,Direxion Daily NVDA Bull 2X ETF,Q
NVDW,Roundhill NVDA WeeklyPay ETF,Z
NVDX,T-Rex 2X Long NVIDIA Daily Target ETF,Z
NVDY,YieldMax NVDA Option Income Strategy ETF,P
NVIB,Direxion NVDA Defined Income Boost ETF,Z
NVII,REX NVDA Growth & Income ETF,Z
NVIR,Horizon Kinetics Energy and Remediation ETF,P
NVIT,YieldMax NVDA Performance & Distribution Target 25 ETF,Z
NVOC,Corgi NVO 2x Daily ETF,Z
NVOH,Novo Nordisk A/S B Shares ADRhedged,P
NVOX,Defiance Daily Target 2X Long NVO ETF,P
NVPS,PurePlay Nvidia Ecosystem Picks & Shovels Index ETF,Q
NVTC,Corgi NVTS 2x Daily ETF,Z
NVTX,Tradr 2X Long NVTS Daily ETF,Z
NVYY,GraniteShares YieldBOOST NVDA ETF,Q
NXPG,Leverage Shares 2X Long NXPI Daily ETF,Z
NXPX,Tradr 2X Long NXPI Daily ETF,Z
NXTE,AXS Green Alpha ETF,P
NXTG,First Trust Indxx NextG ETF,Q
NXTI,Simplify Next Intangible Core Index ETF,Z
NXUS,Nuveen International Aggregate Bond ETF,P
NYF,iShares New York Muni Bond ETF,P
NYM,AB New York Intermediate Municipal ETF,P
NYNY,Corgi NYC Based ETF,Z
NYSX,Global X NYSE 100 ETF,P
NYYY,xETFs NVDA Daily Income ETF,P
NZAC,State Street SPDR MSCI ACWI Climate Paris Aligned ETF,Q
OACP,OneAscent Core Plus Bond ETF,P
OAEM,OneAscent Emerging Markets ETF,P
OAIM,OneAscent International Equity ETF,P
OAKG,Oakmark Global Large Cap ETF,P
OAKI,Oakmark International Large Cap ETF,P
OAKM,Oakmark U.S. Large Cap ETF,P
OALC,OneAscent Large Cap Core ETF,P
OARK,YieldMax Innovation Option Income Strategy ETF,P
OASC,OneAscent Enhanced Small and Mid Cap ETF,P
OBIL,US Treasury 12 Month Bill ETF,Q
OBND,State Street Loomis Sayles Opportunistic Bond ETF,Z
OBOR,KraneShares MSCI One Belt One Road Index ETF,P
OBTC,Osprey Bitcoin Trust,Q
OCDB,Aptus October Deep Buffer ETF,Z
OCIO,ClearShares OCIO ETF,P
OCTB,Aptus October Buffer ETF,Z
OCTH,Innovator Premium Income 20 Barrier ETF - October,Z
OCTJ,Innovator Premium Income 30 Barrier ETF - October,Z
OCTM,FT Vest U.S. Equity Max Buffer ETF - October,Z
OCTP,PGIM S&P 500 Buffer 12 ETF - October,Z
OCTT,AllianzIM U.S. Large Cap Buffer10 Oct ETF,Z
OCTU,AllianzIM U.S. Equity Buffer15 Uncapped Oct ETF,Z
OCTW,AllianzIM U.S. Large Cap Buffer20 Oct ETF,Z
OCTZ,TrueShares Structured Outcome (October) ETF,Z
ODDS,Pacer BlueStar Digital Entertainment ETF,Q
ODDZ,Corgi Sports Betting & Gambling ETF,Z
ODHY,Obra Defensive High Yield ETF,P
ODTE,VegaShares SPX NDX RTY Premium Income ETF,Q
OEF,iShares S&P 100 Fund,P
OEFA,ALPS O'Shares International Developed Quality Dividend ETF,P
OEI,Optimized Equity Income ETF,P
OGIG,ALPS O'Shares Global Internet Giants ETF,P
OGSP,Obra High Grade Structured Products ETF,P
OIH,VanEck Oil Services ETF,P
OILD,MicroSectors Oil & Gas Exp. & Prod. -3x Inverse Leveraged ETN,P
OILK,ProShares K-1 Free Crude Oil ETF,Z
OILT,Texas Capital Texas Oil Index ETF,P
OILU,MicroSectors Oil & Gas Exp. & Prod. 3x Leveraged ETN,P
OKLC,Corgi OKLO 2x Daily ETF,Z
OKLL,Defiance Daily Target 2x Long OKLO ETF,Q
OKLS,Defiance Daily Target 2X Short OKLO ETF,P
OKTG,Leverage Shares 2X Long OKTA Daily ETF,Q
OMAH,VistaShares Target 15 Berkshire Select Income ETF,P
OMFL,Invesco Russell 1000 Dynamic Multifactor ETF,Z
OMFS,Invesco Russell 2000 Dynamic Multifactor ETF,Z
OND,ProShares On-Demand ETF,P
ONDC,Corgi ONDS 2x Daily ETF,Z
ONDG,Leverage Shares 2X Long ONDS Daily ETF,Q
ONDL,Defiance Daily Target 2X Long ONDS ETF,Z
ONDU,Tradr 2X Long ONDS Daily ETF,Z
ONEH,TrueShares Equity Hedge ETF,Z
ONEO,State Street SPDR Russell 1000 Momentum Focus ETF,P
ONEQ,Fidelity Nasdaq Composite Index ETF,Q
ONEV,State Street SPDR Russell 1000 Low Volatility Focus ETF,P
ONEY,State Street SPDR Russell 1000 Yield Focus ETF,P
ONEZ,TrueShares Seasonality Laddered Buffered ETF,Z
ONG,Leverage Shares 2X Long ON Daily ETF,Z
ONLN,ProShares Online Retail ETF,P
ONOF,Global X Adaptive U.S. Risk Management ETF,P
ONTX,Corgi ONTO 2x Daily ETF,Z
ONX,Tradr 2X Long ON Daily ETF,Z
OOSP,Obra Opportunistic Structured Products ETF,P
OPEG,Leverage Shares 2X Long OPEN Daily ETF,Q
OPER,ETF ClearShares Ultra-Short Maturity ETF,P
OPEX,Tradr 2X Long OPEN Daily ETF,Z
OPPE,WisdomTree European Opportunities Fund,P
OPPG,WisdomTree GeoAlpha Opportunities Fund,P
OPPJ,WisdomTree Japan Opportunities Fund,Q
OPTZ,Optimize Strategy Index ETF,Q
ORAC,Corgi ORCL 2x Daily ETF,Z
ORBX,Global X Space Tech ETF,Q
ORCS,Direxion Daily ORCL Bear 1X ETF,Q
ORCU,Direxion Daily ORCL Bull 2X ETF,Q
ORCX,Defiance Daily Target 2X Long ORCL ETF,Q
ORCZ,Tradr 2X Short ORCL Daily ETF,Z
ORO,Arrow Valtoro ETF,Z
ORR,Militia Long/Short Equity ETF,Q
OSCV,Opus Small Cap Value ETF,Z
OSCX,Defiance Daily Target 2x Long OSCR ETF,Q
OSEA,Harbor International Compounders ETF,P
OSSL,Defiance Daily Target 2X Long OSS ETF,Z
OTGL,OTG Latin America ETF,Q
OUNZ,VanEck Merk Gold ETF,P
OUSA,ALPS O'Shares U.S. Quality Dividend ETF,P
OUSL,Defiance Daily Target 2X Long OUST ETF,Z
OUSM,ALPS O'Shares U.S. Small-Cap Quality Dividend ETF,P
OVB,Overlay Shares Core Bond ETF,Z
OVF,Overlay Shares Foreign Equity ETF,Z
OVL,Overlay Shares Large Cap Equity ETF,Z
OVLH,Overlay Shares Hedged Large Cap Equity ETF,Z
OVM,Overlay Shares Municipal Bond ETF,Z
OVS,Overlay Shares Small Cap Equity ETF,Z
OVT,Overlay Shares Short Term Bond ETF,Z
OWN,Inside Ownership 100 ETF,Z
OWNB,Bitwise Bitcoin Standard Corporations ETF,P
OWNS,Quaker Investment Trust CCM Affordable Housing MBS ETF,P
OZEM,Roundhill GLP-1 & Weight Loss ETF,Q
PAAA,PGIM AAA CLO ETF,P
PAB,PGIM Active Aggregate Bond ETF,P
PABD,iShares Paris-Aligned Climate Optimized MSCI World ex USA ETF,Q
PABU,iShares Paris-Aligned Climate Optimized MSCI USA ETF,Q
PALC,Pacer Lunt Large Cap Multi-Factor Alternator ETF,P
PALD,Direxion Daily PANW Bear 1X ETF,Q
PALL,abrdn Physical Palladium Shares ETF,P
PALU,Direxion Daily PANW Bull 2X ETF,Q
PAMC,Pacer Lunt MidCap Multi-Factor Alternator ETF,P
PANG,Leverage Shares 2X Long PANW Daily ETF,Q
PAPI,Parametric Equity Premium Income ETF,P
PAPR,Innovator U.S. Equity Power Buffer ETF - April,Z
PATN,Pacer Nasdaq International Patent Leaders ETF,Q
PATX,Tradr 2X Long PATH Daily ETF,Z
PAUG,Innovator U.S. Equity Power Buffer ETF - August,Z
PAVE,Global X U.S. Infrastructure Development ETF,Z
PAWZ,ProShares Pet Care ETF,Z
PAYH,TrueShares S&P Autocallable High Income ETF,Z
PAYM,TrueShares S&P Autocallable Defensive Income ETF,Z
PAYR,Federated Hermes Enhanced Income ETF,Z
PBAP,PGIM S&P 500 Buffer 20 ETF - April,Z
PBAU,PGIM S&P 500 Buffer 20 ETF - August,Z
PBD,Invesco Global Clean Energy ETF,P
PBDC,Putnam BDC Income ETF,P
PBDE,PGIM S&P 500 Buffer 20 ETF - December,Z
PBE,Invesco Biotechnology & Genome ETF,P
PBEU,Portfolio Building Block European Banks Index ETF,Q
PBFB,PGIM S&P 500 Buffer 20 ETF - February,Z
PBFR,PGIM Laddered S&P 500 Buffer 20 ETF,Z
PBJ,Invesco Food & Beverage ETF,P
PBJA,PGIM S&P 500 Buffer 20 ETF - January,Z
PBJL,PGIM S&P 500 Buffer 20 ETF - July,Z
PBJN,PGIM S&P 500 Buffer 20 ETF - June,Z
PBL,PGIM Portfolio Ballast ETF,Z
PBMR,PGIM S&P 500 Buffer 20 ETF - March,Z
PBMY,PGIM S&P 500 Buffer 20 ETF - May,Z
PBNV,PGIM S&P 500 Buffer 20 ETF - November,Z
PBOC,PGIM S&P 500 Buffer 20 ETF - October,Z
PBOG,Portfolio Building Block Integrated Oil and Gas and Exploration and Production Index ETF,Q
PBOT,Pictet AI & Automation ETF,P
PBP,Invesco S&P 500 BuyWrite ETF,Z
PBPH,Portfolio Building Block World Pharma and Biotech Index ETF,Q
PBQQ,PGIM Laddered Nasdaq-100 Buffer 12 ETF,Q
PBRG,Leverage Shares 2X Long PBR Daily ETF,Q
PBSC,Pacer Barings Secured Credit Flex ETF,Q
PBSE,PGIM S&P 500 Buffer 20 ETF - September,Z
PBTP,Invesco 0-5 Yr US TIPS ETF,Z
PBUS,Invesco MSCI USA ETF,Z
PBW,Invesco WilderHill Clean Energy ETF,P
PCCE,Polen Capital China Growth ETF,P
PCEB,Polen Euro High Yield Bond ETF,P
PCEF,Invesco CEF Income Composite ETF,P
PCFI,Polen Floating Rate Income ETF,P
PCGG,Polen Capital Global Growth ETF,P
PCHI,Polen High Income ETF,P
PCI,PGIM Corporate Bond 5-10 Year ETF,Z
PCIG,Polen Capital International Growth ETF,P
PCL,PGIM Corporate Bond 10+ Year ETF,Z
PCLC,Polen 5Perspectives Large Growth ETF,P
PCLG,Polen Focus Growth ETF,P
PCLN,Pictet Cleaner Planet ETF,P
PCLO,VIRTUS SEIX AAA Private Credit CLO ETF,P
PCMM,BondBloxx Private Credit CLO ETF,Q
PCPI,PIMCO Inflation PLUS Active Exchange-Traded Fund,Q
PCPP,Porter & Company Porter Portfolio Index ETF,Z
PCR,Simplify VettaFi Private Credit Strategy ETF,P
PCS,PGIM Corporate Bond 0-5 Year ETF,Z
PCSG,Polen 5Perspectives Small-Mid Growth ETF,P
PCY,Invesco Emerging Markets Sovereign Debt ETF,P
PDBA,Invesco Agriculture Commodity Strategy No K-1 ETF,Q
PDBC,Invesco Optimum Yield Diversified Commodity Strategy No K-1 ETF,Q
PDDL,GraniteShares 2x Long PDD Daily ETF,Q
PDEC,Innovator U.S. Equity Power Buffer ETF - December,Z
PDN,Invesco RAFI Developed Markets ex-U.S. Small-Mid ETF,P
PDP,Invesco Dorsey Wright Momentum ETF,Q
PEJ,Invesco Leisure and Entertainment ETF,P
PEMX,Putnam Emerging Markets ex-China ETF,P
PEPS,Parametric Equity Plus ETF,Q
PEVC,Pacer PE/VC ETF,P
PEX,ProShares Global Listed Private Equity ETF,Z
PEXL,Pacer US Export Leaders ETF,P
PEY,Invesco High Yield Equity Dividend Achievers ETF,Q
PEZ,Invesco Dorsey Wright Consumer Cyclicals Momentum ETF,Q
PFDE,Pathfinder Disciplined US Equity ETF,Q
PFEB,Innovator U.S. Equity Power Buffer ETF - February,Z
PFF,iShares Preferred and Income Securities ETF,Q
PFFA,Virtus InfraCap U.S. Preferred Stock ETF,P
PFFD,Global X U.S. Preferred ETF,P
PFFR,InfraCap REIT Preferred ETF,P
PFFV,Global X Variable Rate Preferred ETF,P
PFI,Invesco Dorsey Wright Financial Momentum ETF,Q
PFIG,Invesco Fundamental Investment Grade Corporate Bond  ETF,P
PFIX,Simplify Interest Rate Hedge ETF,P
PFLD,AAM Low Duration Preferred and Income Securities ETF,P
PFM,Invesco Dividend Achievers ETF,Q
PFOE,Pathfinder Focused Opportunities ETF,Q
PFRL,PGIM Floating Rate Income ETF,P
PFXF,VanEck Preferred Securities ex Financials ETF,P
PGF,Invesco Financial Preferred ETF,P
PGHY,Invesco Global ex-US High Yield Corporate Bond ETF,P
PGJ,Invesco Golden Dragon China ETF,Q
PGRI,Putnam International Stock ETF,P
PGRO,Putnam Focused Large Cap Growth ETF,P
PGX,Invesco Preferred ETF,P
PHDG,Invesco S&P 500 Downside Hedged ETF,P
PHEQ,Parametric Hedged Equity ETF,P
PHO,Invesco Water Resources ETF,Q
PHYL,PGIM Active High Yield Bond ETF,P
PHYS,Sprott Physical Gold Trust ETV,P
PICB,Invesco International Corporate Bond ETF,P
PICK,iShares MSCI Global Select Metals & Mining Producers Fund,Z
PID,Invesco International Dividend Achievers ETF,Q
PIE,Invesco Dorsey Wright Emerging Markets Momentum ETF,Q
PIEL,Pacer International Export Leaders ETF,Z
PIEQ,Principal International Equity ETF,Z
PIFI,ClearShares Piton Intermediate Fixed Income ETF,P
PILL,Direxion Daily Pharmaceutical & Medical Bull 3X ETF,P
PINC,PGIM Securitized Income ETF,Z
PINK,Simplify Health Care ETF,P
PIO,Invesco Global Water ETF,Q
PIPE,Invesco SteelPath MLP & Energy Infrastructure ETF,Z
PIT,VanEck Commodity Strategy ETF,Z
PIZ,Invesco Dorsey Wright Developed Markets Momentum ETF,Q
PJAN,Innovator U.S. Equity Power Buffer ETF - January,Z
PJFG,PGIM Jennison Focused Growth ETF,P
PJFM,PGIM Jennison Focused Mid-Cap ETF,Z
PJFV,PGIM Jennison Focused Value ETF,P
PJIO,PGIM Jennison Focused International Equity ETF,P
PJP,Invesco Pharmaceuticals ETF,P
PJUL,Innovator U.S. Equity Power Buffer ETF - July,Z
PJUN,Innovator U.S. Equity Power Buffer ETF - June,Z
PJUS,PGIM Jennison U.S. Core Equity ETF,Z
PKB,Invesco Building & Construction ETF,P
PKW,Invesco BuyBack Achievers ETF,Q
PLA,GraniteShares Autocallable PLTR ETF,Q
PLGI,PL Growth and Income ETF,Z
PLIB,Direxion PLTR Defined Income Boost ETF,Z
PLTA,ProShares Ultra PLTR,P
PLTD,Direxion Daily PLTR Bear 1X ETF,Q
PLTG,Leverage Shares 2X Long PLTR Daily ETF,Q
PLTL,Corgi PLTR 2x Daily ETF,Z
PLTM,GraniteShares Platinum Shares ETF,P
PLTU,Direxion Daily PLTR Bull 2X ETF,Q
PLTW,Roundhill PLTR WeeklyPay ETF,Z
PLTY,YieldMax PLTR Option Income Strategy ETF,P
PLTZ,Defiance Daily Target 2x Short PLTR ETF,Q
PLU,Defiance Daily Target 2x Long PL ETF,Z
PLUL,Leverage Shares 2X Long PLUG Daily ETF,Q
PLYY,GraniteShares YieldBOOST PLTR ETF,Q
PMAP,PGIM S&P 500 Max Buffer ETF - April,Z
PMAR,Innovator U.S. Equity Power Buffer ETF - March,Z
PMAU,PGIM S&P 500 Max Buffer ETF - August,Z
PMAY,Innovator U.S. Equity Power Buffer ETF - May,Z
PMBS,PIMCO Mortgage-Backed Securities Active Exchange-Traded Fund,Q
PMDE,PGIM S&P 500 Max Buffer ETF - December,Z
PMFB,PGIM S&P 500 Max Buffer ETF - February,Z
PMIO,PGIM Municipal Income Opportunities ETF,P
PMJA,PGIM S&P 500 Max Buffer ETF - January,Z
PMJL,PGIM S&P 500 Max Buffer ETF - July,Z
PMJN,PGIM S&P 500 Max Buffer ETF - June,Z
PMMF,iShares Prime Money Market ETF,N
PMMR,PGIM S&P 500 Max Buffer ETF - March,Z
PMMY,PGIM S&P 500 Max Buffer ETF - May,Z
PMNV,PGIM S&P 500 Max Buffer ETF - November,Z
PMOC,PGIM S&P 500 Max Buffer ETF - October,Z
PMSE,PGIM S&P 500 Max Buffer ETF - September,Z
PMTL,First Trust Indxx Quality Precious Metals Miners ETF,P
PNOV,Innovator U.S. Equity Power Buffer ETF - November,Z
PNQI,Invesco Nasdaq Internet ETF,Q
POCT,Innovator U.S. Equity Power Buffer ETF - October,Z
POEL,Defiance Daily Target 2X Long POET ETF,Z
PONX,Tradr 2X Long PONY Daily ETF,Z
POW,VistaShares Electrification Supercycle ETF,P
POWA,Invesco Bloomberg Pricing Power ETF,P
POWR,iShares U.S. Power Infrastructure ETF,P
PPA,Invesco Aerospace & Defense ETF,P
PPH,VanEck Pharmaceutical ETF,Q
PPI,Astoria Real Assets ETF,Q
PPLT,abrdn Physical Platinum Shares ETF,P
PPTY,U.S. Diversified Real Estate ETF,P
PQAP,PGIM Nasdaq-100 Buffer 12 ETF - April,Q
PQDI,Principal Spectrum Preferred and Income ETF,P
PQJA,PGIM Nasdaq-100 Buffer 12 ETF - January,Q
PQJL,PGIM Nasdaq-100 Buffer 12 ETF - July,Q
PQNT,Pictet AI Enhanced International Equity ETF,P
PQOC,PGIM Nasdaq-100 Buffer 12 ETF - October,Q
PQUS,Pictet AI Enhanced US Equity ETF,P
PQV,PGIM S&P 500 Quarterly Buffer 5 ETF,Z
PQX,PGIM S&P 500 Quarterly Buffer 10 ETF,Z
PQXV,PGIM S&P 500 Quarterly Buffer 15 ETF,Z
PQXX,PGIM S&P 500 Quarterly Buffer 20 ETF,Z
PRAB,State Street IG Public & Private ABS ETF,P
PRAE,PlanRock Alternative Growth ETF,P
PRAY,FIS Christian Stock Fund,P
PRCS,Parnassus Core Select ETF,N
PREF,Principal Spectrum Preferred Securities Active ETF,P
PRF,Invesco RAFI US 1000 ETF,P
PRFD,PIMCO Preferred and Capital Securities Active Exchange-Traded Fund,P
PRFZ,Invesco RAFI US 1500 Small-Mid ETF,Q
PRIV,State Street IG Public & Private Credit ETF,P
PRIZ,Zacks Preferred Income ETF,P
PRMR,PeakShares RMR Prime Equity ETF,Q
PRN,Invesco Dorsey Wright Industrials Momentum ETF,Q
PRNT,3D Printing (The) ETF,Z
PRSD,State Street Short Duration IG Public & Private Credit ETF,P
PRTO,RCN Pareto Strategic Allocation ETF,P
PRVS,Parnassus Value Select ETF,N
PRVT,Tema Alternative Asset Managers ETF,Z
PRXG,Praxis Impact Large Cap Growth ETF,P
PRXI,Praxis Impact International ETF,P
PRXV,Praxis Impact Large Cap Value ETF,P
PSAI,Pacer S&P 500 3AI Top 100 ETF,Z
PSC,Principal U.S. Small-Cap ETF,Q
PSCC,Invesco S&P SmallCap Consumer Staples ETF,Q
PSCD,Invesco S&P SmallCap Consumer Discretionary ETF,Q
PSCE,Invesco S&P SmallCap Energy ETF,Q
PSCF,Invesco S&P SmallCap Financials ETF,Q
PSCH,Invesco S&P SmallCap Health Care ETF,Q
PSCI,Invesco S&P SmallCap Industrials ETF,Q
PSCJ,Pacer Swan SOS Conservative (July) ETF,Z
PSCM,Invesco S&P SmallCap Materials ETF,Q
PSCQ,Pacer Swan SOS Conservative (October) ETF,Z
PSCT,Invesco S&P SmallCap Information Technology ETF,Q
PSCU,Invesco S&P SmallCap Utilities & Communication Services ETF,Q
PSCW,Pacer Swan SOS Conservative (April) ETF,Z
PSCX,Pacer Swan SOS Conservative (January) ETF,Z
PSDM,PGIM Short Duration Multi-Sector Bond ETF,Z
PSEP,Innovator U.S. Equity Power Buffer ETF - September,Z
PSET,Principal Quality ETF,Q
PSFD,Pacer Swan SOS Flex (January) ETF,Z
PSFF,Pacer Swan SOS Fund of Funds ETF,Z
PSFJ,Pacer Swan SOS Flex (July) ETF,Z
PSFM,Pacer Swan SOS Flex (April) ETF,Z
PSFO,Pacer Swan SOS Flex (October) ETF,Z
PSH,PGIM Short Duration High Yield ETF,Z
PSI,Invesco Semiconductors ETF,P
PSIL,AdvisorShares Psychedelics ETF,P
PSK,State Street SPDR ICE Preferred Securities ETF,P
PSL,Invesco Dorsey Wright Consumer Staples Momentum ETF,Q
PSLV,Sprott Physical Silver Trust ETV,P
PSMD,Pacer Swan SOS Moderate (January) ETF,Z
PSMJ,Pacer Swan SOS Moderate (July) ETF,Z
PSMO,Pacer Swan SOS Moderate (October) ETF,Z
PSMR,Pacer Swan SOS Moderate (April) ETF,Z
PSP,Invesco Global Listed Private Equity ETF,P
PSQ,ProShares Short QQQ,P
PSQA,Palmer Square CLO Senior Debt ETF,P
PSQO,Palmer Square Credit Opportunities ETF,P
PSR,Invesco Active U.S. Real Estate Fund,P
PST,ProShares UltraShort Lehman 7-10 Year Treasury,P
PSTP,Innovator Power Buffer Step-Up Strategy ETF,P
PSTR,PeakShares Sector Rotation ETF,Q
PSWD,Xtrackers Cybersecurity Select Equity ETF,Q
PTBD,Pacer Trendpilot US Bond ETF,P
PTEU,Pacer TrendpilotTM European Index ETF,Z
PTF,Invesco Dorsey Wright Technology Momentum ETF,Q
PTH,Invesco Dorsey Wright Healthcare Momentum ETF,Q
PTIN,Pacer Trendpilot International ETF,P
PTIR,GraniteShares 2x Long PLTR Daily ETF,Q
PTL,Inspire 500 ETF,P
PTLC,Pacer Trendpilot US Large Cap ETF,Z
PTMC,Pacer Trendpilot US Mid Cap ETF,Z
PTNQ,Pacer Trendpilot 100 ETF,Q
PTNT,Corgi IP Licensing & Royalties ETF,Z
PTRB,PGIM Total Return Bond ETF,P
PUI,Invesco Dorsey Wright Utilities Momentum ETF,Q
PUL,GraniteShares 2x Long P Daily ETF,Q
PULS,PGIM Ultra Short Bond ETF,P
PUR,Defiance Daily Target 2X Long PURR ETF,Q
PUSH,PGIM Ultra Short Municipal Bond ETF,P
PVAL,Putnam Focused Large Cap Value ETF,P
PVEX,TrueShares ConVex Protect ETF,Z
PVI,Invesco Floating Rate Municipal Income ETF,P
PWB,Invesco Large Cap Growth ETF,P
PWER,Nomura Energy Transition ETF,P
PWRD,TCW Transform Systems ETF,Q
PWRZ,TrueShares Eagle Global Renewable Energy Income ETF,Z
PWS,Pacer WealthShield ETF,Z
PWV,Invesco Large Cap Value ETF,P
PWZ,Invesco California AMT-Free Municipal Bond Portfolio,P
PXE,Invesco Energy Exploration & Production ETF,P
PXF,Invesco RAFI Developed Markets ex-U.S. ETF,P
PXH,Invesco RAFI Emerging Markets ETF,P
PXI,Invesco Dorsey Wright Energy Momentum ETF,Q
PXJ,Invesco Oil & Gas Services ETF,P
PY,Principal Value ETF,Q
PYLD,PIMCO Multisector Bond Active Exchange-Traded Fund,P
PYPG,Leverage Shares 2X Long PYPL Daily ETF,Q
PYPU,Direxion Daily PYPL Bull 2X ETF,P
PYPY,YieldMax PYPL Option Income Strategy ETF,P
PYZ,Invesco Dorsey Wright Basic Materials Momentum ETF,Q
PZA,Invesco National AMT-Free Municipal Bond ETFo,P
PZIV,Pzena International Value ETF,P
PZLV,Pzena U.S. Large Cap Value ETF,P
PZT,Invesco New York AMT-Free Municipal Bond ETF,P
QABA,First Trust NASDAQ ABA Community Bank Index Fund,Q
QAI,NYLI Hedge Multi-Strategy Tracker ETF,P
QALT,SEI DBi Multi-Strategy Alternative ETF,Q
QARP,Xtrackers Russell 1000 US Quality at a Reasonable Price ETF ETF,P
QAT,iShares MSCI Qatar ETF,Q
QAU,Corgi Growth & Technology 10% Structured Buffer ETF - August Series,Z
QB,ProShares Nasdaq-100 Dynamic Buffer ETF,Q
QBER,TrueShares Quarterly Bear Hedge ETF,Z
QBF,Innovator Uncapped Bitcoin 20 Floor ETF - Quarterly,Z
QBIF,AllianzIM International Equity Buffer15 ETF,Z
QBIG,Invesco Top QQQ ETF,Q
QBIV,AllianzIM International Equity Buffer5 ETF,Z
QBKF,AllianzIM U.S. Small Cap Buffer15 ETF,Z
QBKV,AllianzIM U.S. Small Cap Buffer5 ETF,Z
QBQF,AllianzIM Growth-100 Buffer15 ETF,Z
QBQV,AllianzIM Growth-100 Buffer5 ETF,Z
QBSF,AllianzIM U.S. Equity Buffer15 ETF,Z
QBSV,AllianzIM U.S Equity Buffer5 ETF,Z
QBTX,Tradr 2X Long QBTS Daily ETF,Z
QBTZ,Defiance Daily Target 2x Short QBTS ETF,Q
QBUF,Innovator Nasdaq-100 10 Buffer ETF Quarterly,Q
QBUL,TrueShares Quarterly Bull Hedge ETF,Z
QBY,GraniteShares YieldBoost QBTS ETF,Q
QCAP,FT Vest Nasdaq-100 Conservative Buffer ETF - April,Z
QCJA,FT Vest Nasdaq-100 Conservative Buffer ETF - January,Z
QCJL,FT Vest Nasdaq-100 Conservative Buffer ETF - July,Z
QCLN,First Trust NASDAQ Clean Edge Green Energy Index Fund,Q
QCLR,Global X NASDAQ 100 Collar 95-110 ETF,Q
QCMD,Direxion Daily QCOM Bear 1X ETF,Q
QCML,GraniteShares 2x Long QCOM Daily ETF,Q
QCMU,Direxion Daily QCOM Bull 2X ETF,Q
QCOC,FT Vest Nasdaq-100 Conservative Buffer ETF - October,Z
QDEC,FT Vest Nasdaq-100 Buffer ETF - December,Z
QDEF,FlexShares Quality Dividend Defensive Index Fund,P
QDF,FlexShares Quality Dividend Index Fund,P
QDIV,Global X S&P 500 Quality Dividend ETF,P
QDPL,Pacer Metaurus US Large Cap Dividend Multiplier 400 ETF,P
QDTE,Roundhill Innovation-100 0DTE Covered Call Strategy ETF,Z
QDTY,YieldMax Nasdaq 100 0DTE Covered Call Strategy ETF,Q
QDVO,Amplify CWP Growth & Income ETF,P
QEFA,State Street SPDR MSCI EAFE StrategicFactors ETF,P
QEMM,State Street SPDR MSCI Emerging Markets StrategicFactors ETF,P
QETH,Invesco Galaxy Ethereum ETF,Z
QEW,Invesco QQQ Equal Weight ETF,Q
QFF,Qualivian Focus Fund ETF,Q
QFHD,Pacer S&P 500 Quality FCF High Dividend ETF,Z
QFLR,Innovator Nasdaq-100 Managed Floor ETF,P
QFRD,Pacer S&P 500 Quality FCF R&D Leaders,Z
QGRD,Horizon Nasdaq-100 Defined Risk ETF,Q
QGRO,American Century U.S. Quality Growth ETF,P
QGRW,WisdomTree U.S. Quality Growth Fund,P
QHY,WisdomTree U.S. High Yield Corporate Bond Fund,Z
QID,ProShares UltraShort QQQ,P
QIDX,Indexperts Quality Earnings Focused ETF,P
QIG,WisdomTree U.S. Corporate Bond Fund,Z
QINT,American Century Quality Diversified International ETF,P
QIS,Simplify Multi-QIS Alternative ETF,P
QJL,Corgi Growth & Technology 10% Structured Buffer ETF - July Series,Z
QJN,Corgi Growth & Technology 10% Structured Buffer ETF - June Series,Z
QJUN,FT Vest Nasdaq-100 Buffer ETF - June,Z
QLC,FlexShares US Quality Large Cap Index Fund,Z
QLD,ProShares Ultra QQQ,P
QLDY,Defiance Nasdaq 100 LightningSpread Income ETF,Q
QLTA,iShares Aaa A Rated Corporate Bond ETF,P
QLTI,GMO International Quality ETF,P
QLTY,GMO U.S. Quality ETF,P
QLV,FlexShares US Quality Low Volatility Index Fund,P
QLVD,FlexShares Developed Markets ex-US Quality Low Volatility Index Fund,P
QLVE,FlexShares Emerging Markets  Quality Low Volatility Index Fund,P
QMAG,FT Vest Nasdaq-100 Moderate Buffer ETF - August,Z
QMAR,FT Vest Nasdaq-100 Buffer ETF - March,Z
QMFE,FT Vest Nasdaq-100 Moderate Buffer ETF - February,Z
QMID,WisdomTree U.S. MidCap Quality Growth Fund,Q
QMMY,FT Vest Nasdaq-100 Moderate Buffer ETF - May,Z
QMNV,FT Vest Nasdaq-100 Moderate Buffer ETF - November,Z
QMOM,Alpha Architect U.S. Quantitative Momentum ETF,Q
QMY,Corgi Growth & Technology 10% Structured Buffer ETF - May Series,Z
QNDX,State Street SPDR Portfolio Nasdaq 100 ETF,Q
QNTU,Tradr 2X Long QNT Daily ETF,Z
QNXT,iShares Nasdaq-100 ex Top 30 ETF,Q
QOWZ,Invesco Nasdaq Free Cash Flow Achievers ETF,Q
QPUX,Defiance 2X Daily Long Pure Quantum ETF,Q
QPX,AdvisorShares Q Dynamic Growth ETF,P
QQA,Invesco QQQ Income Advantage ETF,Q
QQAU,Corgi Growth & Technology 15% Structured Buffer ETF - August Series,Z
QQDN,ProShares UltraShort QQQ Mega,Q
QQEW,First Trust Nasdaq-100 Select Equal Weight ETF,Q
QQH,HCM Defender 100 Index ETF,P
QQHG,Invesco QQQ Hedged Advantage ETF,Q
QQJL,Corgi Growth & Technology 15% Structured Buffer ETF - July Series,Z
QQJN,Corgi Growth & Technology 15% Structured Buffer ETF - June Series,Z
QQLV,Invesco QQQ Low Volatility ETF,Q
QQMG,Invesco ESG NASDAQ 100 ETF,Q
QQMY,Corgi Growth & Technology 15% Structured Buffer ETF - May Series,Z
QQQ,"Invesco QQQ Trust, Series 1",Q
QQQA,ProShares Nasdaq-100 Dorsey Wright Momentum ETF,Q
QQQD,Direxion Daily Magnificent 7 Bear 1X ETF,P
QQQE,Direxion NASDAQ-100 Equal Weighted Index ETF,Q
QQQG,Pacer Nasdaq 100 Top 50 Cash Cows Growth Leaders ETF,Q
QQQH,NEOS Nasdaq-100 Hedged Equity Income ETF,Q
QQQI,NEOS Nasdaq 100 High Income ETF,Q
QQQJ,Invesco NASDAQ Next Gen 100 ETF,Q
QQQM,Invesco NASDAQ 100 ETF,Q
QQQP,Tradr 2X Long Innovation 100 Quarterly ETF,Q
QQQS,Invesco NASDAQ Future Gen 200 ETF,Q
QQQT,Defiance Nasdaq 100 Income Target ETF,Q
QQQU,Direxion Daily Magnificent 7 Bull 2X ETF,P
QQQY,Defiance Nasdaq 100 Weekly Distribution ETF,Q
QQUP,ProShares Ultra QQQ Mega,Q
QQWZ,Pacer Cash COWZ 100-Nasdaq 100 Rotator ETF,Q
QQXL,ProShares Ultra QQQ Top 30,Q
QQXT,First Trust NASDAQ-100 Ex-Technology Sector Index Fund,Q
QRMI,Global X NASDAQ 100 Risk Managed Income ETF,Q
QSIG,WisdomTree U.S. Short Term Corporate Bond Fund,Z
QSIX,Pacer Metaurus Nasdaq 100 Dividend Multiplier 600 ETF,Q
QSML,WisdomTree U.S. SmallCap Quality Growth Fund,Q
QSOL,Invesco Galaxy Solana ETF,Z
QSPT,FT Vest Nasdaq-100 Buffer ETF - September,Z
QSU,Defiance Daily Target 2X Long QS ETF,P
QTAC,Q3 All-Season Tactical Advantage ETF,Z
QTAP,Innovator Growth Accelerated Plus ETF - April,Z
QTEC,First Trust NASDAQ-100-Technology Sector Index Fund,Q
QTJA,Innovator Growth Accelerated Plus ETF - January,Z
QTJL,Innovator Growth Accelerated Plus ETF - July,Z
QTOC,Innovator Growth Accelerated Plus ETF - October,Z
QTOP,iShares Nasdaq Top 30 Stocks ETF,Q
QTPI,North Square RCIM Tax-Advantaged Preferred and Income Securities ETF,P
QTR,Global X NASDAQ 100 Tail Risk ETF,Q
QTUM,Defiance Quantum ETF,Q
QTUP,Defiance Long Pure Quantum ETF,Z
QUA,Corgi QBTS 2x Daily ETF,Z
QUAL,iShares MSCI USA Quality Factor ETF,Z
QUBX,Tradr 2X Long QUBT Daily ETF,Z
QUIZ,Zacks Quality International ETF,P
QULL,ETRACS 2x Leveraged MSCI US Quality Factor TR ETN,P
QUS,State Street SPDR MSCI USA StrategicFactors ETF,P
QUSA,VistaShares Target 15 USA Quality Income ETF,P
QVAL,Alpha Architect U.S. Quantitative Value ETF,Q
QVML,Invesco S&P 500 QVM Multi-factor ETF,P
QVMM,Invesco S&P MidCap 400 QVM Multi-factor ETF,P
QVMS,Invesco S&P SmallCap 600 QVM Multi-factor ETF,P
QVMT,Invesco S&P 500 Concentrated QVM ETF,P
QVOL,Infrastructure Capital Nasdaq Option Income ETF,Q
QVOY,Q3 Active Rotation ETF,Z
QWLD,State Street SPDR MSCI World StrategicFactors ETF,P
QXQ,SGI Enhanced Nasdaq-100 ETF,Q
QYLD,Global X NASDAQ 100 Covered Call ETF,Q
QYLG,Global X Nasdaq 100 Covered Call & Growth ETF,Q
RAA,SMI 3Fourteen REAL Asset Allocation ETF,Q
RAAA,Reckoner Yield Enhanced AAA CLO ETF,P
RAAR,Reckoner Yield Enhanced AAA CLO Reinvesting ETF,P
RAAX,VanEck Real Assets ETF,P
RAAY,Reckoner Yield Enhanced AAA CLO Annual ETF,P
RACK,VanEck Data Center Supply Chain ETF,Z
RAFE,PIMCO RAFI ESG U.S. ETF,P
RAM,Roundhill T-REX 2X Long DRAM Daily Target ETF,Z
RAML,Leverage Shares 2X Long Memory Daily ETF,Z
RAMZ,T-REX 2X Inverse DRAM Daily Target ETF,Z
RANK,Defiance KSM TipRanks Analyst ETF,P
RAUS,RACWI US ETF,Q
RAVI,FlexShares Ultra-Short Income Fund,P
RB,ProShares Russell 2000 Dynamic Buffer ETF,Z
RBIL,F/m Ultrashort Treasury Inflation-Protected Security (TIPS) ETF,Q
RBLD,First Trust Alerian US NextGen Infrastructure ETF,P
RBLU,T-REX 2X Long RBLX Daily Target ETF,Z
RBLY,YieldMax RBLX Option Income Strategy ETF,P
RBUF,Innovator U.S. Small Cap 10 Buffer ETF - Quarterly,Z
RCAX,Defiance Daily Target 2x Long RCAT ETF,Q
RCGE,RockCreek Global Equality ETF,Q
RCLO,Reckoner BBB-B CLO ETF,P
RCLR,Reckoner BBB-B CLO Reinvesting ETF,P
RCLY,Reckoner BBB-B CLO Annual ETF,P
RCTR,First Trust Bloomberg Nuclear Power ETF,P
RDDC,Corgi RDDT 2x Daily ETF,Z
RDFI,Rareview Dynamic Fixed Income ETF,Z
RDIV,Invesco S&P Ultra Dividend Revenue ETF,P
RDOG,ALPS REIT Dividend Dogs ETF,P
RDTE,Roundhill Russell 2000 0DTE Covered Call Strategy ETF,Z
RDTL,GraniteShares 2x Long RDDT Daily ETF,Q
RDTY,YieldMax R2000 0DTE Covered Strategy ETF,Q
RDVI,FT Vest Rising Dividend Achievers Target Income ETF,Z
RDVY,First Trust Rising Dividend Achievers ETF,Q
RDWU,T-REX 2X Long RDW Daily Target ETF,Z
RDYY,YieldMax RDDT Option Income Strategy ETF,P
REAI,Intelligent Real Estate ETF,Q
RECI,Columbia Research Enhanced Core Premium Income ETF,P
RECS,Columbia Research Enhanced Core ETF,P
REET,iShares Global REIT ETF,P
REFA,Columbia Research Enhanced International Equity ETF,P
REGL,ProShares S&P MidCap 400 Dividend Aristocrats ETF,Z
REGS,Columbia Large Cap Growth ETF,P
REIT,ALPS Active REIT ETF,Q
REK,ProShares Short Real Estate,P
REM,iShares Mortgage Real Estate ETF,Z
REMC,Columbia Research Enhanced Mid Cap ETF,P
REMG,Russell Investments Emerging Markets Equity ETF,Q
REMX,VanEck Rare Earth and Strategic Metals ETF,P
RESM,Columbia Research Enhanced Small Cap ETF,P
RETL,Direxion Daily Retail Bull 3X ETF,P
REVS,Columbia Research Enhanced Value ETF,P
REW,ProShares UltraShort Technology,P
REXC,Sprott Rare Earths Ex-China ETF,Q
REZ,iShares Residential and Multisector Real Estate ETF,P
RFCI,ALPS Dynamic Core Income ETF,P
RFDA,ALPS Dynamic US Dividend Advantage ETF,P
RFDI,First Trust RiverFront Dynamic Developed International ETF,Q
RFEM,First Trust RiverFront Dynamic Emerging Markets ETF,Q
RFFC,ALPS Active Equity Opportunity ETF,P
RFG,Invesco S&P MidCap 400 Pure Growth ETF,P
RFIX,Simplify Bond Bull ETF,P
RFLR,Innovator U.S. Small Cap Managed Floor ETF,P
RFV,Invesco S&P MidCap 400 Pure Value ETF,P
RGEF,Rockefeller Global Equity ETF,P
RGLO,Russell Investments Global Equity ETF,Q
RGTC,Corgi RGTI 2x Daily ETF,Z
RGTU,Tradr 2X Long RGTI Daily ETF,Z
RGTX,Defiance Daily Target 2X Long RGTI ETF,Q
RGTZ,Defiance Daily Target 2x Short RGTI ETF,Q
RGYY,GraniteShares YieldBoost RGTI ETF,Q
RHRX,RH Tactical Rotation ETF,P
RHTX,RH Tactical Outlook ETF,P
RIET,Hoya Capital High Dividend Yield ETF,P
RIFR,Russell Investments Global Infrastructure ETF,Q
RIGS,ALPS Strategic Income Fund,P
RILA,Indexperts Gorilla Aggressive Growth ETF,P
RINF,ProShares Inflation Expectations ETF,P
RING,iShares MSCI Global Gold Miners ETF,Q
RINT,Russell Investments International Developed Equity ETF,Q
RIOX,Defiance Daily Target 2X Long RIOT ETF,P
RISE,Pictet Emerging Markets Rising Economies ETF,P
RISN,Inspire Capital Appreciation ETF,P
RISR,FolioBeyond Alternative Income and Interest Rate Hedge ETF,P
RITA,ETFB Green SRI REITs ETF,P
RIVC,Corgi RIVN 2x Daily ETF,Z
RIZE,Principal Inflation Protection ETF,Z
RJCA,RJ ClariVest Capital Appreciation ETF,P
RJDI,RJ Eagle GCM Dividend Select Income ETF,P
RJMI,RJ Eagle Municipal Income ETF,P
RJVI,RJ Eagle Vertical Income ETF,P
RKLX,Defiance Daily Target 2X Long RKLB ETF,Q
RKLZ,Defiance Daily Target 2x Short RKLB ETF,Q
RKNG,Defiance Retail Kings ETF,Q
RKSG,Ruk Strategic Growth ETF,P
RKTL,Defiance Daily Target 2X Long RKT ETF,Z
RKX,Corgi RKLB 2x Daily ETF,Z
RLY,State Street Multi-Asset Real Return ETF,P
RMBC,Corgi RMBS 2x Daily ETF,Z
RMBX,Tradr 2X Long RMBS Daily ETF,Z
RMCA,Rockefeller California Municipal Bond ETF,P
RMHY,Global X Adaptive Risk Managed Yield ETF,P
RMME,Rareview Government Money Market ETF,Z
RMNY,Rockefeller New York Municipal Bond ETF,P
RMOP,Rockefeller Opportunistic Municipal Bond ETF,P
RMRC,ARMOR Core Risk-Managed ETF,P
RND,First Trust Bloomberg R&D Leaders ETF,P
RNEM,Emerging Markets Equity Select ETF,Q
RNIN,Bushido Capital US SMID Cap Equity ETF,Q
RNMN,RiverNorth Market Neutral ETF,Z
RNRG,Global X Renewable Energy Producers ETF,Q
RNTY,YieldMax Target 12 Real Estate Option Income ETF,P
ROAM,Hartford Multifactor Emerging Markets ETF,P
ROBN,T-Rex 2X Long HOOD Daily Target ETF,Z
ROBO,ROBO Global Robotics and Automation Index ETF,P
ROBT,First Trust Nasdaq Artificial Intelligence and Robotics ETF,Q
ROCQ,JPMorgan Nasdaq Equity Premium Yield ETF,Q
ROCY,JPMorgan Equity Premium Yield ETF,Q
RODM,Hartford Multifactor Developed Markets (ex-US) ETF,P
ROE,Astoria US Equal Weight Quality Kings ETF,Q
ROKT,State Street SPDR S&P Kensho Final Frontiers ETF,P
ROM,ProShares Ultra Technology,P
ROMO,Strategy Shares Newfound/ReSolve Robust Momentum ETF,Z
RONB,Baron First Principles ETF,N
ROPE,Coastal Compass 100 ETF,P
ROSC,Hartford Multifactor Small Cap ETF,P
ROUS,Hartford Multifactor U.S. Equity ETF,P
RPAR,RPAR Risk Parity ETF,P
RPG,Invesco S&P 500 Pure Growth ETF,P
RPV,Invesco S&P 500 Pure Value ETF,P
RSBA,Return Stacked Bonds & Merger Arbitrage ETF,Z
RSBT,Return Stacked Bonds & Managed Futures ETF,Z
RSBY,Return Stacked Bonds & Futures Yield ETF,Z
RSDE,FT Vest U.S. Equity Equal Weight Buffer ETF - December,P
RSEE,Rareview Systematic Equity ETF,Z
RSIT,Return Stacked International Stocks & Managed Futures ETF,Z
RSJN,FT Vest U.S. Equity Equal Weight Buffer ETF - June,P
RSMC,Rockefeller U.S. Small-Mid Cap ETF,P
RSMR,FT Vest U.S. Equity Equal Weight Buffer ETF - March,P
RSMV,Relative Strength Managed Volatility Strategy ETF,P
RSP,Invesco S&P 500 Equal Weight ETF,P
RSPA,Invesco S&P 500 Equal Weight Income Advantage ETF,P
RSPC,Invesco S&P 500 Equal Weight Communication Services ETF,P
RSPD,Invesco S&P 500 Equal Weight Consumer Discretionary ETF,P
RSPE,Invesco ESG S&P 500 Equal Weight ETF,P
RSPF,Invesco S&P 500 Equal Weight Financial ETF,P
RSPG,Invesco S&P 500 Equal Weight Energy ETF,P
RSPH,Invesco S&P 500 Equal Weight Health Care ETF,P
RSPM,Invesco S&P 500 Equal Weight Materials ETF,P
RSPN,Invesco S&P 500 Equal Weight Industrials Portfolio,P
RSPR,Invesco S&P 500 Equal Weight Real Estate ETF,P
RSPS,Invesco S&P 500 Equal Weight Consumer Staples ETF,P
RSPT,Invesco S&P 500 Equal Weight Technology ETF,P
RSPU,Invesco S&P 500 Equal Weight Utilities ETF,P
RSSB,Return Stacked Global Stocks & Bonds ETF,Z
RSSE,FT Vest U.S. Equity Equal Weight Buffer ETF  September,P
RSSL,Global X Russell 2000 ETF,P
RSST,Return Stacked U.S. Stocks & Managed Futures ETF,Z
RSSX,Return Stacked U.S. Stocks & Gold/Bitcoin ETF,Z
RSSY,Return Stacked U.S. Stocks & Futures Yield ETF,Z
RTAI,Rareview Tax Advantaged Income ETF,Z
RTH,VanEck Retail ETF,Q
RTOO,VistaShares Robotics Supercycle ETF,P
RTRE,Rareview Total Return Bond ETF,Z
RTXG,Leverage Shares 2X Long RTX Daily ETF,Q
RTYY,GraniteShares YieldBoost RIOT ETF,Q
RULE,Adaptive Core ETF,Z
RUNN,Running Oak Efficient Growth ETF,Q
RUSC,Russell Investments U.S. Small Cap Equity ETF,Q
RVER,Trenchless Fund ETF,P
RVNL,GraniteShares 2x Long RIVN Daily ETF,Q
RVNU,Xtrackers Municipal Infrastructure Revenue Bond Active ETF,P
RW,Rainwater Equity ETF,P
RWEM,Rayliant Wilshire NxtGen Emerging Markets Equity ETF,P
RWIN,Rayliant NxtGen Multifactor International Equity ETF,Q
RWJ,Invesco S&P SmallCap 600 Revenue ETF,P
RWK,Invesco S&P MidCap 400 Revenue ETF,P
RWL,Invesco S&P 500 Revenue ETF,P
RWLC,Rayliant Wilshire NxtGen US Large Cap Equity ETF,P
RWM,ProShares Short Russell2000,P
RWO,State Street SPDR Dow Jones Global Real Estate ETF,P
RWR,State Street SPDR Dow Jones REIT ETF,P
RWX,State Street SPDR Dow Jones International Real Estate ETF,P
RXD,ProShares UltraShort Health Care,P
RXI,iShares Global Consumer Discretionary ETF,P
RXL,ProShares Ultra Health Care,P
RYLD,Global X Russell 2000 Covered Call ETF,P
RYLG,Global X Russell 2000 Covered Call & Growth ETF,P
RZG,Invesco S&P SmallCap 600 Pure Growth ETF,P
RZV,Invesco S&P SmallCap 600 Pure Value ETF,P
SAA,ProShares Ultra SmallCap600,P
SAGP,Strategas Global Policy Opportunities ETF,P
SAMM,Strategas Macro Momentum ETF,P
SAMT,Strategas Macro Thematic Opportunities ETF,P
SAPH,SAP SE ADRhedged,P
SARK,Tradr 1X Short Innovation Daily ETF,Q
SASS,M.D. Sass Concentrated Value ETF,P
SATO,Invesco Alerian Galaxy Crypto Economy ETF,Z
SAUG,FT Vest U.S. Small Cap Moderate Buffer ETF - August,Z
SAWG,AAM Sawgrass US Large Cap Quality Growth ETF,P
SAWS,AAM Sawgrass US Small Cap Quality Growth ETF,P
SBAR,Simplify Barrier Income ETF,P
SBB,ProShares Short SmallCap600,P
SBIL,Simplify Government Money Market ETF,P
SBIO,ALPS Medical Breakthroughs ETF,P
SBIT,ProShares UltraShort Bitcoin ETF,P
SBND,Columbia Short Duration Bond ETF,P
SBTU,T-REX 2X Long SBET Daily Target ETF,Z
SCA,GraniteShares Autocallable SMCI ETF,Q
SCAP,Infrastructure Capital Small Cap Income ETF,P
SCAU,Corgi U.S. Small-Cap 15% Structured Buffer ETF - August Series,Z
SCC,ProShares UltraShort Consumer Discretionary,P
SCCR,Schwab Core Bond ETF,P
SCDL,ETRACS 2x Leveraged US Dividend Factor TR ETN,P
SCDS,JPMorgan Fundamental Data Science Small Core ETF,Q
SCDV,Bahl & Gaynor Small Cap Dividend ETF,P
SCEC,Sterling Capital Enhanced Core Bond ETF,Z
SCEP,Sterling Capital Hedged Equity Premium Income ETF,Z
SCHA,Schwab U.S. Small-Cap ETF,P
SCHB,Schwab U.S. Broad Market ETF,P
SCHC,Schwab International Small-Cap Equity ETF,P
SCHD,Schwab US Dividend Equity ETF,P
SCHE,Schwab Emerging Markets Equity ETF,P
SCHF,Schwab International Equity ETF,P
SCHG,Schwab U.S. Large-Cap Growth ETF,P
SCHH,Schwab U.S. REIT ETF,P
SCHI,Schwab 5-10 Year Corporate Bond ETF,P
SCHJ,Schwab 1-5 Year Corporate Bond ETF,P
SCHK,Schwab 1000 Index ETF,P
SCHM,Schwab U.S. Mid Cap ETF,P
SCHO,Schwab Short-Term U.S. Treasury ETF,P
SCHP,Schwab U.S. TIPS ETF,P
SCHQ,Schwab Long-Term U.S. Treasury ETF,P
SCHR,Schwab Intermediate-Term U.S. Treasury ETF,P
SCHV,Schwab U.S. Large-Cap Value ETF,P
SCHX,Schwab U.S. Large-Cap ETF,P
SCHY,Schwab International Dividend Equity ETF,P
SCHZ,Schwab US Aggregate Bond ETF,P
SCIO,First Trust Structured Credit Income Opportunities ETF,P
SCJ,iShares MSCI Japan Sm Cap,P
SCJL,Corgi U.S. Small-Cap 15% Structured Buffer ETF - July Series,Z
SCJN,Corgi U.S. Small-Cap 15% Structured Buffer ETF - June Series,Z
SCLZ,Swan Enhanced Dividend Income ETF,Z
SCMB,Schwab Municipal Bond ETF,P
SCMC,Sterling Capital Multi-Strategy Income ETF,Z
SCMY,Corgi U.S. Small-Cap 15% Structured Buffer ETF - May Series,Z
SCNM,Sterling Capital National Municipal Bond ETF,Z
SCO,ProShares UltraShort Bloomberg Crude Oil,P
SCOP,Sprott Physical Copper Trust Units,P
SCOW,Pacer S&P SmallCap 600 Quality FCF Aristocrats ETF,Z
SCSB,Sterling Capital Short Duration Bond ETF,Z
SCUB,Sterling Capital Ultra Short Bond ETF,Z
SCUS,Schwab Ultra-Short Income ETF,P
SCYB,Schwab High Yield Bond ETF,P
SCZ,iShares MSCI EAFE Small-Cap ETF,Q
SDCI,USCF SummerHaven Dynamic Commodity Strategy No K-1 Fund,P
SDCP,Virtus Newfleet Short Duration Core Plus Bond ETF,P
SDD,ProShares UltraShort SmallCap600,P
SDEM,Global X MSCI SuperDividend Emerging Markets ETF,P
SDFI,AB Short Duration Income ETF,P
SDG,iShares MSCI Global Sustainable Development Goals ETF,Q
SDIV,Global X SuperDividend ETF,P
SDMF,Simplify DBi CTA Managed Futures Index ETF,P
SDOG,ALPS Sector Dividend Dogs ETF,P
SDOW,UltraPro Short Dow30,P
SDP,ProShares UltraShort Utilities,P
SDS,ProShares UltraShort S&P500,P
SDSI,American Century Short Duration Strategic Income ETF,Q
SDTY,YieldMax S&P 500 0DTE Covered Call Strategy ETF,Q
SDUR,Aristotle Short Term Income ETF,P
SDVD,FT Vest SMID Rising Dividend Achievers Target Income ETF,Z
SDVY,First Trust SMID Cap Rising Dividend Achievers ETF,Q
SDY,State Street SPDR S&P Dividend ETF,P
SEA,U.S. Global Sea to Sky Cargo ETF,P
SECR,NYLI MacKay Securitized Income ETF,P
SECT,Main Sector Rotation ETF,Z
SECU,iShares Securitized Income Active ETF,Z
SEEM,SEI Select Emerging Markets Equity ETF,Q
SEF,ProShares Short Financials,P
SEIE,SEI Select International Equity ETF,Q
SEIM,SEI Enhanced U.S. Large Cap Momentum Factor ETF,Z
SEIQ,SEI Enhanced U.S. Large Cap Quality Factor ETF,Z
SEIS,SEI Select Small Cap ETF,Q
SEIV,SEI Enhanced U.S. Large Cap Value Factor ETF,Z
SEIX,Virtus Seix Senior Loan ETF,P
SELV,SEI Enhanced Low Volatility U.S. Large Cap ETF,Z
SEMG,Suncoast Select Growth ETF,P
SEMI,Columbia Select Technology ETF,P
SEMY,GraniteShares YieldBOOST Semiconductor ETF,Q
SEPI,Shelton Equity Premium Income ETF,P
SEPM,FT Vest U.S. Equity Max Buffer ETF - September,Z
SEPP,PGIM S&P 500 Buffer 12 ETF - September,Z
SEPT,AllianzIM U.S. Large Cap Buffer10 Sep ETF,Z
SEPU,AllianzIM U.S. Equity Buffer15 Uncapped Sep ETF,Z
SEPW,AllianzIM U.S. Large Cap Buffer20 Sep ETF,Z
SEPZ,TrueShares Structured Outcome (September) ETF,Z
SETH,ProShares Short Ether ETF,P
SETM,Sprott Critical Materials ETF,Q
SEUS,SEI QiM U.S. Equity Factor Allocation Active ETF,Q
SFEB,FT Vest U.S. Small Cap Moderate Buffer ETF - February,Z
SFGV,Sequoia Global Value ETF,P
SFLO,VictoryShares Small Cap Free Cash Flow ETF,Q
SFLR,Innovator Equity Managed Floor ETF,P
SFTX,Horizon International Managed Risk ETF,P
SFTY,Horizon Managed Risk ETF,Z
SFY,SoFi Select 500 ETF,P
SFYF,SoFi Social 50 ETF,P
SFYI,SoFi Social 50 Income ETF,P
SGDJ,Sprott Junior Gold Miners ETF,P
SGDM,Sprott Gold Miners ETF,P
SGLC,SGI U.S. Large Cap Core ETF,P
SGOL,abrdn Physical Gold Shares ETF,P
SGOV,iShares 0-3 Month Treasury Bond ETF,N
SGRT,SMART Earnings Growth 30 ETF,P
SGRW,Harbor Active Small Cap Growth ETF,P
SGVA,F/m Accumulator Ultrashort Treasury Fund,Q
SGVT,Schwab Government Money Market ETF,P
SH,ProShares Short S&P500,P
SHAG,WisdomTree Yield Enhanced U.S. Short-Term Aggregate Bond Fund,Z
SHDG,Soundwatch Hedged Equity ETF,Z
SHE,State Street SPDR MSCI USA Gender Diversity ETF,P
SHEH,Shell plc ADRhedged,P
SHLD,Global X Defense Tech ETF,P
SHM,State Street SPDR Nuveen ICE Short Term Municipal Bond ETF,P
SHNY,"MicroSectors Gold 3X Leveraged ETNs due January 29, 2043",P
SHOC,Strive U.S. Semiconductor ETF,N
SHPP,Pacer Industrials and Logistics ETF,P
SHPU,Direxion Daily SHOP Bull 2X ETF,Q
SHRD,Arimathea Catholic Core Bond ETF,P
SHRT,Gotham Short Strategies ETF,P
SHRY,First Trust Bloomberg Shareholder Yield ETF,Q
SHUS,Stratified LargeCap Hedged ETF,P
SHV,iShares 0-1 Year Treasury Bond ETF,N
SHY,iShares 1-3 Year Treasury Bond ETF,Q
SHYD,VanEck Short High Yield Muni ETF,Z
SHYG,iShares 0-5 Year High Yield Corporate Bond ETF,P
SHYL,Xtrackers Short Duration High Yield Bond ETF,P
SHYM,iShares Short Duration High Yield Muni Active ETF,Z
SIFI,Harbor Ares Systematic Multi-Sector Income ETF,P
SIHY,Harbor Ares Systematic High Yield ETF,P
SIJ,ProShares UltraShort Industrials,P
SIL,Global X Silver Miners ETF,P
SILJ,Amplify Junior Silver Miners ETF,P
SIMS,State Street SPDR S&P Kensho Intelligent Structures ETF,P
SIMX,Corgi SIMO 2x Daily ETF,Z
SIO,Touchstone Strategic Income ETF,P
SIOO,VistaShares Target 15 S&P 100 Distribution ETF,P
SIVR,abrdn Physical Silver Shares ETF,P
SIXA,ETC 6 Meridian Mega Cap Equity ETF,P
SIXD,AllianzIM U.S. Large Cap 6 Month Buffer10 Jun/Dec ETF,Z
SIXF,AllianzIM U.S. Large Cap 6 Month Buffer10 Feb/Aug ETF,Z
SIXH,ETC 6 Meridian Hedged Equity Index Option ETF,P
SIXJ,AllianzIM U.S. Large Cap 6 Month Buffer10 Jan/Jul ETF,Z
SIXL,ETC 6 Meridian Low Beta Equity ETF,P
SIXO,AllianzIM U.S. Large Cap 6 Month Buffer10 Apr/Oct ETF,Z
SIXP,AllianzIM U.S. Large Cap 6 Month Buffer10 Mar/Sep ETF,Z
SIXS,ETC 6 Meridian Small Cap Equity ETF,P
SIXZ,AllianzIM U.S. Large Cap 6 Month Buffer10 May/Nov ETF,Z
SIZE,iShares MSCI USA Size Factor ETF,P
SJB,ProShares Short High Yield,P
SJCP,SanJac Alpha Core Plus Bond ETF,Q
SJLD,SanJac Alpha Low Duration ETF,Q
SJNK,State Street SPDR Bloomberg Short Term High Yield Bond ETF,P
SK,Corgi SK hynix 2x Daily ETF,Z
SKDD,GraniteShares 2x Short SK Hynix Daily ETF,Q
SKF,ProShares UltraShort Financials,P
SKHA,Tradr 2X Long SK hynix Daily ETF,Z
SKHL,Direxion Daily SK Hynix Bull 2X ETF,P
SKHN,Tradr 2X Short SK hynix Daily ETF,Z
SKHU,ProShares Ultra SK hynix,P
SKHX,Leverage Shares 2X Long SK Hynix Daily ETF,Z
SKHZ,Leverage Shares 1X Short SK Hynix Daily ETF,Z
SKOR,FlexShares Credit-Scored US Corporate Bond Index Fund,Q
SKRE,Tuttle Capital Daily 2X Inverse Regional Banks ETF,Q
SKUU,GraniteShares 2x Long SK Hynix Daily ETF,Q
SKYU,ProShares Ultra Cloud Computing,Q
SKYY,First Trust Cloud Computing ETF,Q
SLDR,Global X Short-Term Treasury Ladder ETF,P
SLJY,Amplify SILJ Junior Silver Miners Covered Call ETF,P
SLNZ,TCW Senior Loan ETF,N
SLON,ProShares Ultra Solana ETF,P
SLQD,iShares 0-5 Year Investment Grade Corporate Bond ETF,Q
SLTY,YieldMax Ultra Short Option Income Strategy ETF,P
SLV,iShares Silver Trust,P
SLVO,"ETRACS Silver Shares Covered Call ETNs due April 21, 2033",Q
SLVP,iShares MSCI Global Silver and Metals Miners ETF,Z
SLVR,Sprott Silver Miners & Physical Silver ETF,Q
SLVX,Nicholas Silver Income ETF,P
SLVY,FT Vest Silver Strategy & Target Income ETF,Z
SLWS,Wisdom Short Duration Income ETF,P
SLX,VanEck Steel ETF,P
SLYG,State Street SPDR S&P 600 Small Cap Growth ETF,P
SLYV,State Street SPDR S&P 600 Small Cap Value ETF,P
SMAX,iShares Large Cap Max Buffer Sep ETF,Z
SMAY,FT Vest U.S. Small Cap Moderate Buffer ETF - May,Z
SMB,VanEck Short Muni ETF,Z
SMBS,Schwab Mortgage-Backed Securities ETF,P
SMCC,Corgi SMCI 2x Daily ETF,Z
SMCF,Themes US Small Cap Cash Flow Champions ETF,Q
SMCL,GraniteShares 2x Long SMCI Daily ETF,Q
SMCO,Hilton Small-MidCap Opportunity ETF,Q
SMCP,SMART Mid Cap ETF,P
SMCX,Defiance Daily Target 2X Long SMCI ETF,Q
SMCY,YieldMax SMCI Option Income Strategy ETF,P
SMCZ,Defiance Daily Target 2X Short SMCI ETF,Q
SMDD,UltraPro Short MidCap400,P
SMDV,ProShares Russell 2000 Dividend Growers ETF,Z
SMDX,Intech S&P Small-Mid Cap Diversified Alpha ETF,P
SMH,VanEck Semiconductor ETF,Q
SMHC,VanEck China Semiconductor ETF,Q
SMHD,MicroSectors -3x Short Semiconductor ETNs,Z
SMHU,MicroSectors 3x Long Semiconductor ETNs,Z
SMHX,VanEck Fabless Semiconductor ETF,Q
SMIG,Bahl & Gaynor Small/Mid Cap Income Growth ETF,P
SMIN,Ishares MSCI India Small Cap ETF,Z
SMIZ,Zacks Small/Mid Cap ETF,P
SMLF,iShares U.S. Small-Cap Equity Factor ETF,P
SMLL,Harbor Active Small Cap ETF,P
SMLV,State Street SPDR US Small Cap Low Volatility Index ETF,P
SMMD,iShares Russell 2500 ETF,Z
SMMU,Short Term Municipal Bond Active Exchange-Traded Fund,P
SMMV,iShares MSCI USA Small-Cap Min Vol Factor ETF,Z
SMN,ProShares UltraShort Materials,P
SMOG,VanEck Low Carbon Energy ETF,P
SMOM,Symmetry Panoramic Sector Momentum ETF,Q
SMOT,VanEck Morningstar SMID Moat ETF,Z
SMOX,Horizon Small/Mid Cap Core Equity ETF,P
SMRF,"ALPS Nautilus SMR, Nuclear & Technology ETF",P
SMRI,Bushido Capital US Equity ETF,Q
SMRX,Corgi SMR 2x Daily ETF,Z
SMST,Defiance Daily Target 2x Short MSTR ETF,Q
SMTG,Leverage Shares 2X Long SMTC Daily ETF,Z
SMTH,ALPS Smith Core Plus Bond ETF,P
SMU,Tradr 2X Long SMR Daily ETF,Z
SMUP,T-REX 2X Long SMR Daily Target ETF,Z
SMYY,GraniteShares YieldBOOST SMCI ETF,Q
SMZ,Tradr 2X Short SMR Daily ETF,Z
SNAG,Leverage Shares 2x Long SNAP Daily ETF,Q
SNAV,Mohr Sector Nav ETF,Z
SNDC,Corgi SNDK 2x Daily ETF,Z
SNDG,Leverage Shares 2X Long SNDK Daily ETF,Z
SNDQ,Tradr 2X Short SNDK Daily ETF,Z
SNDU,T-REX 2X Long SNDK Daily Target ETF,Z
SNK,GraniteShares 2x Short SpaceX Daily ETF,Z
SNOU,T-REX 2X Long SNOW Daily Target ETF,Z
SNOV,FT Vest U.S. Small Cap Moderate Buffer ETF - November,Z
SNOY,YieldMax SNOW Option Income Strategy ETF,P
SNPD,Xtrackers S&P Dividend Aristocrats Screened ETF,Z
SNPE,Xtrackers S&P 500 Scored & Screened ETF,P
SNPG,Xtrackers S&P 500 Growth Scored & Screened ETF,Z
SNSR,Global X Internet of Things ETF,Q
SNTH,MRP SynthEquity ETF,P
SNTQ,MRP SynthEquity Nasdaq 100 ETF,Z
SNXX,Tradr 2X Long SNDK Daily ETF,Z
SOCL,Global X Social Media ETF,Q
SOEZ,Franklin Solana ETF,P
SOFA,Direxion Daily SOFI Bull 2X ETF,Q
SOFC,Corgi SOFI 2x Daily ETF,Z
SOFR,Amplify Samsung SOFR ETF,P
SOFX,Defiance Daily Target 2X Long SOFI ETF,Q
SOLC,Canary Marinade Solana ETF,Q
SOLM,Amplify Solana 3% Monthly Option Income ETF,Z
SOLT,2x Solana ETF,Q
SOLZ,Solana ETF,Q
SOUX,Defiance Daily Target 2X Long SOUN ETF,Q
SOVF,Sovereign's Capital Flourish Fund,P
SOXL,Direxion Daily Semiconductor Bull 3X ETF,P
SOXQ,Invesco PHLX Semiconductor ETF,Q
SOXS,Direxion Daily Semiconductor Bear 3X ETF,P
SOXX,iShares PHLX SOX Semiconductor Sector Index Fund,Q
SOXY,YieldMax Target 12 Semiconductor Option Income ETF,P
SOYB,Teucrium Soybean Fund ETV,P
SPAB,State Street SPDR Portfolio Aggregate Bond ETF,P
SPAL,GraniteShares 2x Long SpaceX Daily ETF,Z
SPAM,Themes Cybersecurity ETF,Q
SPAQ,Horizon Kinetics SPAC Active ETF,Q
SPAX,T-REX 2X Long SPCX Daily Target ETF,P
SPBC,Simplify US Equity PLUS Bitcoin Strategy ETF,Q
SPBO,State Street SPDR Portfolio Corporate Bond ETF,P
SPBU,AllianzIM Buffer15 Uncapped Allocation ETF,Z
SPBW,AllianzIM Buffer20 Allocation ETF,Z
SPBX,AllianzIM 6 Month Buffer10 Allocation ETF,Z
SPCF,ProShares Ultra SpaceX,P
SPCG,Tradr 2X Short SpaceX Daily ETF,Z
SPCH,Leverage Shares 2X Long SPCX Daily ETF,Z
SPCI,Tuttle Capital Space Industry Income Blast ETF,Z
SPCK,SPAC and New Issue ETF,Q
SPCL,Defiance Pure Space Daily 2X Strategy ETF,Z
SPCM,Tradr 2X Long SpaceX Daily ETF,Z
SPCQ,Defiance Daily Target 2X Short SPCX ETF,Z
SPCT,Liberty One Spectrum ETF,Q
SPCU,Defiance Daily Target 2X Long SPCX ETF,Z
SPD,Simplify US Equity PLUS Downside Convexity ETF,P
SPDF,Defender Risk Adaptive 500 ETF,Z
SPDG,State Street SPDR Portfolio S&P Sector Neutral Dividend ETF,P
SPDN,Direxion Daily S&P 500 Bear 1X ETF,P
SPDV,AAM S&P 500 High Dividend Value ETF,P
SPDW,State Street SPDR Portfolio Developed World ex-US ETF,P
SPEM,State Street SPDR Portfolio Emerging Markets ETF,P
SPEU,State Street SPDR Portfolio Europe ETF,P
SPFF,Global X SuperIncome Preferred ETF,P
SPGM,State Street SPDR Portfolio MSCI Global Stock Market ETF,P
SPGP,Invesco S&P 500 GARP ETF,P
SPHB,Invesco S&P 500 High Beta ETF,P
SPHD,Invesco S&P 500 High Dividend Low Volatility ETF,P
SPHQ,Invesco S&P 500 Quality ETF,P
SPHY,State Street SPDR Portfolio High Yield Bond ETF,P
SPIB,State Street SPDR Portfolio Intermediate Term Corporate Bond ETF,P
SPIN,State Street US Equity Premium Income ETF,Z
SPIP,State Street SPDR Portfolio TIPS ETF,P
SPIT,F/m Emerald Special Situations ETF,Q
SPLB,State Street SPDR Portfolio Long Term Corporate Bond ETF,P
SPLS,PIMCO US Stocks PLUS Active Bond Exchange-Traded Fund,Z
SPLV,Invesco S&P 500 Low Volatility ETF,P
SPMB,State Street SPDR Portfolio Mortgage Backed Bond ETF,P
SPMD,State Street SPDR Portfolio S&P 400 Mid Cap ETF,P
SPMO,Invesco S&P 500 Momentum ETF,P
SPOG,Leverage Shares 2X Long SPOT Daily ETF,Q
SPPP,Sprott Physical Platinum and Palladium Trust,P
SPRE,SP Funds S&P Global REIT Sharia ETF,P
SPRX,Spear Alpha ETF,Q
SPSB,State Street SPDR Portfolio Short Term Corporate Bond ETF,P
SPSK,SP Funds Dow Jones Global Sukuk ETF,P
SPSM,State Street SPDR Portfolio S&P 600 Small Cap ETF,P
SPTB,State Street SPDR Portfolio Treasury ETF,P
SPTE,SP Funds S&P Global Technology ETF,P
SPTI,State Street SPDR Portfolio Intermediate Term Treasury ETF,P
SPTL,State Street SPDR Portfolio Long Term Treasury ETF,P
SPTM,State Street SPDR Portfolio S&P 1500 Composite Stock Market ETF,P
SPTS,State Street SPDR Portfolio Short Term Treasury ETF,P
SPTU,State Street SPDR Portfolio Ultra Short T-Bill ETF,P
SPUC,Simplify US Equity Income ETF,P
SPUS,SP Funds S&P 500 Sharia Industry Exclusions ETF,P
SPUT,Innovator Equity Premium Income - Daily PutWrite ETF,P
SPUU,Direxion Daily S&P 500 Bull 2X ETF,P
SPVM,Invesco S&P 500 Value with Momentum ETF,P
SPWO,SP Funds S&P World (ex-US) ETF,P
SPXD,Xtrackers S&P 500 Diversified Sector Weight ETF,Q
SPXE,ProShares S&P 500 Ex-Energy ETF,P
SPXL,Direxion Daily S&P 500 Bull 3X ETF,P
SPXN,ProShares S&P 500 Ex-Financials ETF,P
SPXS,Direxion Daily S&P 500 Bear 3X ETF,P
SPXT,ProShares S&P 500 Ex-Technology ETF,P
SPXU,ProShares UltraPro Short S&P500,P
SPXV,ProShares S&P 500 Ex-Health Care ETF,P
SPY,State Street SPDR S&P 500 ETF Trust,P
SPYA,Twin Oak Endure ETF,Z
SPYC,Simplify US Equity PLUS Convexity ETF,P
SPYD,State Street SPDR Portfolio S&P 500 High Dividend ETF,P
SPYG,State Street SPDR Portfolio S&P 500 Growth ETF,P
SPYH,NEOS S&P 500 Hedged Equity Income ETF,Z
SPYI,NEOS S&P 500 High Income ETF,Z
SPYM,State Street SPDR Portfolio S&P 500 ETF,P
SPYQ,Tradr 2X Long SPY Quarterly ETF,Q
SPYT,Defiance S&P 500 Target Income ETF,P
SPYU,"MAX S&P 500 4X Leveraged ETNs due October 30, 2043",P
SPYV,State Street SPDR Portfolio S&P 500 Value ETF,P
SPYX,State Street SPDR S&P 500 Fossil Fuel Reserves Free ETF,P
SQLT,iShares MSCI USA Small-Cap Quality Factor ETF,Z
SQLV,Royce Quant Small-Cap Quality Value ETF,Q
SQMX,FT Vest U.S. Equity Quarterly Max Buffer ETF,Z
SQQQ,ProShares UltraPro Short QQQ,Q
SQS,Sapient Quality Select ETF,Q
SRET,Global X SuperDividend REIT ETF,Q
SRHQ,SRH U.S. Quality GARP ETF,P
SRHR,SRH REIT Covered Call ETF,P
SRLN,State Street Blackstone Senior Loan ETF,P
SROI,Calamos Antetokounmpo Global Sustainable Equities ETF,P
SRS,ProShares UltraShort Real Estate,P
SRTY,ProShares UltraPro Short Russell2000,P
SRVR,Pacer Data & Infrastructure Real Estate ETF,P
SSCP,SMART Small Cap ETF,P
SSFI,Day Hagan Smart Sector Fixed Income ETF,P
SSG,ProShares UltraShort Semiconductors,P
SSK,REX-Osprey SOL + Staking ETF,Z
SSMG,Virtus Silvant Small/Mid Growth ETF,P
SSO,ProShares Ultra S&P500,P
SSPC,Leverage Shares 2X Short SPCX Daily ETF,Z
SSPY,Stratified LargeCap Index ETF,P
SSS,CYBER HORNET S&P 500 and Solana 75/25 Strategy ETF,Q
SSUS,Day Hagan Smart Sector ETF,P
SSXU,Day Hagan Smart Sector International ETF,P
STAX,Nomura Tax-Free USA Short Term ETF,P
STBF,Performance Trust Short Term Bond ETF,Z
STBQ,Amplify Stablecoin Technology Leaders ETF,P
STCE,Schwab Crypto Thematic Natural Language Processing ETF,P
STEN,iShares Large Cap 10% Target Buffer Sep ETF,Z
STHH,STMicroelectronics NV ADRhedged,P
STIP,iShares 0-5 Year TIPS Bond ETF,P
STLR,Stellar ETF,Z
STLU,2x Stellar ETF,Z
STNC,Hennessy Sustainable ETF,Q
STOT,State Street DoubleLine Short Duration Total Return Tactical ETF,Z
STOX,Horizon Core Equity ETF,Z
STPZ,PIMCO 1-5 Year U.S. TIPS Index Exchange-Traded Fund,P
STRN,SMART Trend 25 ETF,P
STSM,Defiance Daily Target 2X Short TSM ETF,P
STXD,Strive 1000 Dividend Growth ETF,N
STXE,Strive Emerging Markets Ex-China ETF,N
STXF,Strive 500 ETF,N
STXG,Strive 1000 Growth ETF,N
STXK,Strive Small-Cap ETF,N
STXL,Defiance Daily Target 2x Long STX ETF,Z
STXT,Strive Total Return Bond ETF,N
STXU,Leverage Shares 2X Long STX Daily ETF,Z
STXV,Strive 1000 Value ETF,N
STXX,Tradr 2X Long STX Daily ETF,Z
STYL,Corgi Lifestyle Brands ETF,Z
SUB,iShares Short-Term National Muni Bond ETF,P
SUIL,2x Sui ETF,Z
SUIS,Canary Staked SUI ETF,Q
SUPL,ProShares Supply Chain Logistics ETF,P
SUPP,TCW Transform Supply Chain ETF,Q
SURE,AdvisorShares Insider Advantage ETF,P
SURI,Simplify Propel Opportunities ETF,P
SUSA,iShares ESG Optimized MSCI USA ETF,P
SUSB,iShares ESG Aware 1-5 Year USD Corporate Bond ETF,Q
SUSC,iShares ESG Aware USD Corporate Bond ETF,Q
SUSL,iShares ESG MSCI USA Leaders ETF,Q
SVAL,iShares US Small Cap Value Factor ETF,Z
SVIX,-1x Short VIX Futures ETF,Z
SVOL,Simplify Volatility Premium ETF,P
SVXY,ProShares Short VIX Short Term Futures ETF,Z
SWAN,Amplify BlackSwan Growth & Treasury Core ETF,P
SWP,SWP Growth & Income ETF,Q
SXQG,ETC 6 Meridian Quality Growth ETF,P
SYFI,AB Short Duration High Yield ETF,P
SYLD,Cambria Shareholder Yield ETF,Z
SYSB,iShares Systematic Bond ETF,Z
SYZ,Lazard US Systematic Small Cap Equity ETF,Q
SZK,ProShares UltraShort Consumer Staples,P
TABD,Transamerica Bond Active ETF,P
TACK,Fairlead Tactical Sector ETF,P
TACN,T. Rowe Price Active Core International Equity ETF,P
TACU,T. Rowe Price Active Core U.S. Equity ETF,P
TAFI,AB Tax-Aware Short Duration Municipal ETF,P
TAFL,AB Tax-Aware Long Municipal ETF,P
TAFM,AB Tax-Aware Intermediate Municipal ETF,P
TAGG,T. Rowe Price QM U.S. Bond ETF,P
TAGS,Teucrium Agricultural Fund ETV,P
TAIL,Cambria Tail Risk ETF,Z
TAJX,Corgi India 2x Daily ETF,Z
TALV,Transamerica Large Value Active ETF,P
TAN,Invesco Solar ETF,P
TAOZ,Thornburg American Opportunities Fund,Q
TAPR,Innovator Equity Defined Protection ETF - 2 Yr to April 2027,Z
TARK,Tradr 2X Long Innovation ETF,Q
TAX,Cambria Tax Aware ETF,Q
TAXE,Intermediate Municipal Income ETF,Q
TAXF,American Century Diversified Municipal Bond ETF,P
TAXI,Northern Trust Intermediate Tax-Exempt Bond ETF,Q
TAXM,BondBloxx IR+M Tax-Aware ETF for Massachusetts Residents,P
TAXS,Northern Trust Short-Term Tax-Exempt Bond ETF,Q
TAXT,Northern Trust Tax-Exempt Bond ETF,Q
TAXX,BondBloxx IR+M Tax-Aware Short Duration ETF,P
TBF,ProShares Short 20+ Year Treasury,P
TBFC,The Brinsmere Fund  Conservative ETF,P
TBFG,The Brinsmere Fund Growth ETF,P
TBG,TBG Dividend Focus ETF,P
TBIL,F/m US Treasury 3 Month Bill Fund,Q
TBJL,Innovator 20  Year Treasury Bond 9 Buffer ETF - July,Z
TBLL,Invesco Short Term Treasury ETF,P
TBLU,Tortoise Global Water ETF,N
TBT,ProShares UltraShort Lehman 20  Year Treasury,P
TBUX,T. Rowe Price Ultra Short-Term Bond ETF,P
TBX,ProShares Short 7 10 Year Treasury,P
TBXU,Direxion Daily Biotech Top 5 Bull 2X ETF,P
TCAF,T. Rowe Price Capital Appreciation Equity ETF,P
TCAI,Tortoise AI Infrastructure ETF,N
TCAL,T. Rowe Price Capital Appreciation Premium Income ETF,P
TCAN,21Shares Canton Network ETF,Q
TCHI,iShares MSCI China Multisector Tech ETF,Q
TCHP,T. Rowe Price Blue Chip Growth ETF,P
TCPB,Thrivent Core Plus Bond ETF,P
TCV,Towle Value ETF,P
TDAQ,TappAlpha Innovation 100 Growth & Daily Income ETF,Z
TDAX,TDAQ Lift ETF,Z
TDCL,GraniteShares 2x Long TDC Daily ETF,Q
TDEC,FT Vest Emerging Markets Buffer ETF - December,Z
TDI,Touchstone Dynamic International ETF,Q
TDIV,First Trust NASDAQ Technology Dividend Index Fund,Q
TDOG,21shares Dogecoin ETF,Q
TDOT,21shares Polkadot ETF,Q
TDSB,ETC Cabana Target Beta ETF,Q
TDSC,ETC Cabana Target Drawdown 10 ETF,Q
TDTF,FlexShares iBoxx 5 Year Target Duration TIPS Index Fund,P
TDTT,FlexShares iBoxx 3 Year Target Duration TIPS Index Fund,P
TDV,ProShares S&P Technology Dividend Aristocrats ETF,Z
TDVG,T. Rowe Price Dividend Growth ETF,P
TDVI,FT Vest Technology Dividend Target Income ETF,Z
TEC,Harbor Transformative Technologies ETF,P
TECB,iShares U.S. Tech Breakthrough Multisector ETF,P
TECL,Direxion Daily Technology Bull 3X ETF,P
TECS,Direxion Technology Bear 3X ETF,P
TECY,GraniteShares YieldBOOST Technology ETF,Q
TEK,iShares Technology Opportunities Active ETF,P
TEKX,State Street Galaxy Transformative Tech Accelerators ETF,Q
TEKY,Lazard Next Gen Technologies ETF,Q
TELG,Leverage Shares 2X Long TEL Daily ETF,Z
TEMC,Corgi TEM 2x Daily ETF,Z
TEMD,Templeton Emerging Markets Debt ETF,P
TEMR,T. Rowe Price Emerging Markets Equity Research ETF,P
TEMT,Tradr 2X Long TEM Daily ETF,Z
TEMX,Touchstone Sands Capital Emerging Markets ex-China Growth ETF,Z
TEND,iShares Large Cap 10% Target Buffer Dec ETF,Z
TENJ,iShares Large Cap 10% Target Buffer Jun ETF,Z
TENM,iShares Large Cap 10% Target Buffer Mar ETF,Z
TEQI,T. Rowe Price Equity Income ETF,P
TERC,Corgi TER 2x Daily ETF,Z
TERG,Leverage Shares 2X Long TER Daily ETF,Q
TESC,Corgi TSLA 2x Daily ETF,Z
TESL,Simplify Volt TSLA Revolution ETF,P
TEST,YieldMax TSLA Performance & Distribution Target 25 ETF,Z
TETH,21Shares Ethereum ETF,Z
TEUP,T-REX 2X Long TE Daily Target ETF,Z
TEXN,iShares Texas Equity ETF,Q
TEXU,Direxion Daily Energy Top 5 Bull 2X ETF,P
TEXX,Horizon Kinetics Texas ETF,Q
TFFI,Chesapeake Trend-Following Fixed Income ETF,P
TFGZ,Thornburg Focus Growth Fund,Q
TFI,State Street SPDR Nuveen ICE Municipal Bond ETF,P
TFJL,Innovator 20  Year Treasury Bond 5 Floor ETF - July,Z
TFLO,iShares Treasury Floating Rate Bond ETF,P
TFLR,T. Rowe Price Floating Rate ETF,P
TFNS,T. Rowe Price Financials ETF,Q
TFPN,Blueprint Chesapeake Multi-Asset Trend ETF,P
TGLB,T. Rowe Price Global Equity ETF,P
TGLR,Wedbush LAFFER TENGLER New Era Value ETF,P
TGRT,T. Rowe Price Growth ETF,P
TGRW,T. Rowe Price Growth Stock ETF,P
THD,iShares MSCI Thailand ETF,P
THEQ,T. Rowe Price Hedged Equity ETF,P
THIR,THOR Index Rotation ETF,N
THLV,THOR Equal Weight Low Volatility ETF,N
THMR,THOR AdaptiveRisk Dynamic ETF,N
THMZ,Lazard Equity Megatrends ETF,Q
THNQ,ROBO Global Artificial Intelligence ETF,P
THNR,Amplify Weight Loss Drug & Treatment ETF,P
THOR,Thornburg Premium Income Builder ETF,P
THRO,iShares U.S. Thematic Rotation Active ETF,P
THRV,Prospera Income ETF,Q
THTA,SoFi Enhanced Yield ETF,P
THY,Toews Agility Shares Dynamic Tactical Income ETF,P
THYF,T. Rowe Price U.S. High Yield ETF,P
THYM,T. Rowe Price High Income Municipal ETF,Q
THYP,21shares Hyperliquid ETF,Q
TIER,T. Rowe Price International Equity Research ETF,P
TIIV,AAM Todd International Intrinsic Value ETF,P
TILC,Thrivent International Large Cap ETF,Q
TILL,Teucrium Agricultural Strategy No K-1 ETF,P
TILT,FlexShares Mornigstar US Market Factors Tilt Index Fund ETF,Z
TIME,Clockwise U.S. Core Equity ETF,P
TINS,Templeton International Insights ETF,P
TINT,ProShares Smart Materials ETF,P
TINY,ProShares Nanotechnology ETF,P
TIP,iShares TIPS Bond ETF,P
TIPA,Northern Trust 2030 Inflation-Linked Distributing Ladder ETF,P
TIPB,Northern Trust 2035 Inflation-Linked Distributing Ladder ETF,P
TIPC,Northern Trust 2045 Inflation-Linked Distributing Ladder ETF,P
TIPD,Northern Trust 2055 Inflation-Linked Distributing Ladder ETF,P
TIPX,State Street SPDR Bloomberg 1a??10 Year TIPS ETF,P
TIPZ,PIMCO Broad U.S. TIPS Index Exchange-Traded Fund,P
TISC,Thrivent International Small Cap ETF,Q
TJAN,Innovator Equity Defined Protection ETF - 2 Yr to January 2027,Z
TJUL,Innovator Equity Defined Protection ETF - 2 Yr to July 2027,Z
TJUN,FT Vest Emerging Markets Buffer ETF - June,Z
TKNQ,Amplify Tokenization Technology Leaders ETF,P
TKNS,21Shares Active Crypto ETF,Q
TKNZ,T. Rowe Price Active Crypto ETF,P
TLA,GraniteShares Autocallable TSLA ETF,Q
TLCI,Touchstone International Equity ETF,P
TLDR,The Laddered T-Bill ETF,Z
TLG,Touchstone Large Company Growth ETF,Q
TLH,iShares 10-20 Year Treasury Bond ETF,P
TLT,iShares 20+ Year Treasury Bond ETF,Q
TLTD,FlexShares Morningstar Developed Markets ex-US Factor Tilt Index Fund,P
TLTE,FlexShares Morningstar Emerging Markets Factor Tilt Index Fund,P
TLTI,NEOS Enhanced Income 20+ Year Treasury Bond ETF,Z
TLTP,Amplify TLT U.S. Treasury 12% Option Income ETF,Z
TLTW,iShares 20+ Year Treasury Bond BuyWrite Strategy ETF,Z
TLTX,Global X Treasury Bond Enhanced Income ETF,Z
TMAR,FT Vest Emerging Markets Buffer ETF - March,Z
TMAT,Main Thematic Innovation ETF,Z
TMB,Thornburg Multi Sector Bond ETF,Q
TMDV,ProShares Russell US Dividend Growers ETF,Z
TMED,T. Rowe Price Health Care ETF,Q
TMF,Direxion Daily 20-Yr Treasury Bull 3x Shrs,P
TMFC,Motley Fool 100 Index ETF,Z
TMFE,Motley Fool Capital Efficiency 100 Index ETF,Z
TMFG,Motley Fool Global Opportunities ETF,Z
TMFM,Motley Fool Mid-Cap Growth ETF,Z
TMFS,Motley Fool Small-Cap Growth ETF,Z
TMFX,Motley Fool Next Index ETF,Z
TMGN,TappAlpha Cboe Magnificent 10 Growth & Daily Income ETF,Z
TMH,Toyota Motor Corporation ADRhedged,P
TMLP,Tortoise MLP ETF,P
TMNL,T. Rowe Price Long Municipal Income ETF,Q
TMNS,T. Rowe Price Short Municipal Income ETF,Q
TMSF,T. Rowe Price Multi-Sector Income ETF,Q
TMSL,T. Rowe Price Small-Mid Cap ETF,P
TMV,Direxion Daily 20-Year Treasury Bear 3X,P
TMVE,Thrivent Mid Cap Value ETF,P
TMYY,GraniteShares YieldBOOST TSM ETF,Q
TNA,Direxion Small Cap Bull 3X ETF,P
TNGY,Tortoise Energy ETF,N
TNUK,Tortoise Nuclear Renaissance ETF,P
TNXT,T. Rowe Price Innovation Leaders ETF,Q
TOAK,Manager Directed Portfolios Twin Oak Short Horizon Absolute Return ETF,P
TOAO,Twin Oak Active Opportunities III ETF,Z
TOCT,Innovator Equity Defined Protection ETF - 2 Yr to October 2027,Z
TOGA,Managed Portfolio Series Tremblant Global ETF,P
TOK,iShares MSCI Kokusai ETF,P
TOLL,Tema Monopolies and Oligopolies ETF,Z
TOLZ,ProShares DJ Brookfield Global Infrastructure ETF,P
TOPC,iShares S&P 500 3% Capped ETF,P
TOPT,iShares Top 20 U.S. Stocks ETF,P
TOPW,Roundhill Top WeeklyPay ETF,Z
TOS,Twin Oak Strategic Solutions ETF,Z
TOT,LionShares U.S. Equity Total Return ETF,P
TOTL,State Street DoubleLine Total Return Tactical ETF,P
TOTR,T. Rowe Price Total Return ETF,P
TOUS,T. Rowe Price International Equity ETF,P
TOV,JLens 500 Jewish Advocacy U.S. ETF,P
TOXR,21Shares XRP ETF,Z
TPAY,Roundhill S&P 500 Target 10 Managed Distribution ETF,Z
TPFC,Timothy Plan Free Cash Flow ETF,P
TPFG,Timothy Plan Free Cash Flow Growth ETF,P
TPFI,Timothy Plan Fixed Income ETF,P
TPHD,Timothy Plan High Dividend Stock ETF,P
TPIF,Timothy Plan International ETF,P
TPLC,Timothy Plan US Large/Mid Cap Core ETF,P
TPLS,Thornburg Core Plus Bond ETF,Q
TPLX,Corgi TPL 2x Daily ETF,Z
TPOR,Direxion Daily Transportation Bull 3X ETF,P
TPRY,VistaShares Target 15 TEPRTantrum Contrarian Distribution ETF,P
TPSC,Timothy Plan US Small Cap Core ETF,P
TPUT,T. Rowe Price Capital Appreciation Market Opportunities ETF,P
TPYP,Tortoise North American Pipeline ETF,N
TPZ,Tortoise Electrification Infrastructure ETF,N
TQQQ,ProShares UltraPro QQQ,Q
TQQY,GraniteShares YieldBOOST QQQ ETF,Q
TRBF,Angel Oak Total Return ETF,Q
TRFK,Pacer Data and Digital Revolution ETF,P
TRFM,AAM Transformers ETF,P
TRIO,MC Trio Equity Buffered ETF,Z
TRND,Pacer Trendpilot Fund of Funds ETF,P
TROT,Invesco MSCI Treasury Duration Rotation ETF,P
TRPA,Hartford AAA CLO ETF,Z
TRSY,Xtrackers US 0-1 Year Treasury ETF,Z
TRTY,Cambria Trinity ETF,Z
TRUC,VanEck Communication Services TruSector ETF,Q
TRUD,VanEck Consumer Discretionary TruSector ETF,Q
TRUF,VanEck Financials TruSector ETF,Q
TRUH,VanEck Healthcare TruSector ETF,Q
TRUI,VanEck Industrials TruSector ETF,Q
TRUM,VanEck Materials TruSector ETF,Q
TRUN,VanEck Energy TruSector ETF,Q
TRUO,VanEck Consumer Staples TruSector ETF,Q
TRUR,VanEck Real Estate TruSector ETF,Q
TRUT,VanEck Technology TruSector ETF,Q
TRUU,VanEck Utilities TruSector ETF,Q
TSCM,TimesSquare Quality Mid Cap Growth ETF,Q
TSCV,Thrivent Small Cap Value ETF,P
TSDD,GraniteShares 2x Short TSLA Daily ETF,Q
TSEC,Touchstone Securitized Income ETF,P
TSEG,Leverage Shares 2X Long TSEM Daily ETF,Z
TSEL,Touchstone Sands Capital US Select Growth ETF,Q
TSEP,FT Vest Emerging Market Buffer ETF - September,Z
TSES,Truth Social American Energy Security ETF,P
TSEU,Tradr 2X Long TSEM Daily ETF,Z
TSIB,Direxion TSLA Defined Income Boost ETF,Z
TSIC,Truth Social American Icons ETF,P
TSII,REX TSLA Growth & Income ETF,Z
TSL,GraniteShares 1.25x Long TSLA Daily ETF,Q
TSLG,Leverage Shares 2X Long TSLA Daily ETF,Q
TSLI,ProShares Ultra TSLA,P
TSLL,Direxion Daily TSLA Bull 2X ETF,Q
TSLP,Kurv Yield Premium Strategy Tesla (TSLA) ETF,Z
TSLQ,Tradr 2X Short TSLA Daily ETF,Q
TSLR,GraniteShares 2x Long TSLA Daily ETF,Q
TSLS,Direxion Daily TSLA Bear 1X ETF,Q
TSLT,T-REX 2X Long Tesla Daily Target ETF,Z
TSLW,Roundhill TSLA WeeklyPay ETF,Z
TSLY,YieldMax TSLA Option Income Strategy ETF,P
TSLZ,T-Rex 2X Inverse Tesla Daily Target ETF,Z
TSME,Thrivent Small-Mid Cap Equity ETF,P
TSMG,Leverage Shares 2X Long TSM Daily ETF,Q
TSMU,GraniteShares 2x Long TSM Daily ETF,Q
TSMX,Direxion Daily TSM Bull 2X ETF,Q
TSMY,YieldMax TSM Option Income Strategy ETF,P
TSMZ,Direxion Daily TSM Bear 1X ETF,Q
TSNF,Truth Social American Next Frontiers ETF,P
TSOL,21Shares Solana ETF,Z
TSPA,T. Rowe Price U.S. Equity Research ETF,P
TSPX,Twin Oak Active Opportunities ETF,Z
TSPY,TappAlpha S&P 500 Growth & Daily Income ETF,Q
TSRS,Truth Social American Red State REITs ETF,P
TSSD,Truth Social American Security & Defense ETF,P
TSUI,21Shares Sui ETF,Q
TSXD,Direxion Daily Semiconductors Top 5 Bear 2X ETF,P
TSXU,Direxion Daily Semiconductors Top 5 Bull 2X ETF,P
TSYW,Roundhill Treasury Bond WeeklyPay ETF,Z
TSYX,TSPY Lift ETF,Q
TSYY,GraniteShares YieldBOOST TSLA ETF,Q
TTDU,T-REX 2X Long TTD Daily Target ETF,Z
TTEQ,T. Rowe Price Technology ETF,Q
TTMX,Tradr 2X Long TTMI Daily ETF,Z
TTOP,21Shares FTSE Crypto 10 Index ETF,P
TTT,ProShares UltraPro Short 20 Year Treasury,P
TTXD,Direxion Daily Technology Top 5 Bear 2X ETF,P
TTXU,Direxion Daily Technology Top 5 Bull 2X ETF,P
TUA,Simplify Short Term Treasury Futures Strategy ETF,P
TUG,STF Tactical Growth ETF,Q
TUGN,STF Tactical Growth & Income ETF,Q
TUR,iShares MSCI Turkey ETF,Q
TURF,T. Rowe Price Natural Resources ETF,Q
TUSB,Thrivent Ultra Short Bond ETF,P
TUSI,Touchstone Ultra Short Income ETF,Z
TVAL,T. Rowe Price Value ETF,P
TWM,ProShares UltraShort Russell2000,P
TWOX,iShares Large Cap Accelerated Outcome ETF,Z
TWSC,Corgi TSM 2x Daily ETF,Z
TXBC,21Shares FTSE Crypto 10 ex-BTC Index ETF,P
TXNU,Direxion Daily TXN Bull 2X ETF,P
TXS,Texas Capital Texas Equity Index ETF,P
TXUE,Thornburg International Equity ETF,Q
TXUG,Thornburg International Growth Fund ETF,Q
TXXD,21Shares 2x Long Dogecoin ETF,Q
TXXH,21Shares 2x Long HYPE ETF,Q
TXXI,BondBloxx IR+M Tax-Aware Intermediate Duration ETF,P
TXXS,21Shares 2x Long Sui ETF,Q
TYA,Simplify Intermediate Term Treasury Futures Strategy ETF,Z
TYD,Direxion Daily 10-Yr Treasury Bull 3x Shrs,P
TYLD,Cambria Tactical Yield ETF,Z
TYLG,Global X Information Technology Covered Call & Growth ETF,P
TYO,Direxion Daily 10-Yr Treasury Bear 3x Shrs,P
TYYY,xETFs TSLA Daily Income ETF,P
TZA,Direxion Small Cap Bear 3X ETF,P
UAE,iShares MSCI UAE ETF,Q
UAPR,Innovator U.S. Equity Ultra Buffer ETF - April,Z
UAUG,Innovator U.S. Equity Ultra Buffer ETF - August,Z
UBEW,Roundhill UBER WeeklyPay ETF,Z
UBND,VictoryShares Core Plus Bond ETF,Q
UBOT,"Direxion Daily Robotics, Artificial Intelligence & Automation Index Bull 2X ETF",P
UBR,ProShares Ultra MSCI Brazil Capped,P
UBRL,GraniteShares 2x Long UBER Daily ETF,Q
UBT,ProShares Ultra 20+ Year Treasury,P
UCC,ProShares Ultra Consumer Discretionary,P
UCO,ProShares Ultra Bloomberg Crude Oil,P
UCON,First Trust Smith Unconstrained Bond ETF,P
UCOP,ProShares Ultra Copper K-1 Free ETF,P
UCRD,VictoryShares Corporate Bond ETF,Q
UCTX,Corgi UCTT 2x Daily ETF,Z
UCYB,ProShares Ultra Nasdaq Cybersecurity,Q
UDEC,Innovator U.S. Equity Ultra Buffer ETF - December,Z
UDI,USCF Dividend Income Fund,P
UDIV,Franklin U.S. Core Dividend Tilt Index ETF,P
UDN,Invesco DB USD Index Bearish ETF,P
UDOW,ProShares UltraPro Dow30,P
UECG,Leverage Shares 2x Long UEC Daily ETF,Q
UEVM,VictoryShares Emerging Markets Value Momentum ETF,Q
UFEB,Innovator U.S. Equity Ultra Buffer ETF - February,Z
UFIV,US Treasury 5 Year Note ETF,Q
UFO,Procure Space ETF,Q
UFOD,Tuttle Capital UFO Disclosure ETF,Z
UFOX,Defiance Space and Connective Tech ETF,Q
UGA,United States Gasoline Fund LP,P
UGE,ProShares Ultra Consumer Staples,P
UGL,ProShares Ultra Gold,P
UGLD,Direxion Daily Gold Bull 2X ETF,P
UITB,VictoryShares Core Intermediate Bond ETF,Q
UIVM,VictoryShares International Value Momentum ETF,Q
UJAN,Innovator U.S. Equity Ultra Buffer ETF - January,Z
UJB,ProShares Ultra High Yield ETF,P
UJUL,Innovator U.S. Equity Ultra Buffer ETF - July,Z
UJUN,Innovator U.S. Equity Ultra Buffer ETF - June,Z
ULE,ProShares Ultra Euro,P
ULST,State Street Ultra Short Term Bond ETF,P
ULTI,REX IncomeMax Option Strategy ETF,Q
ULTY,YieldMax Ultra Option Income Strategy ETF,P
ULVM,VictoryShares US Value Momentum ETF,Q
UMAL,Defiance Daily Target 2X Long UMAC ETF,Z
UMAR,Innovator U.S. Equity Ultra Buffer ETF - March,Z
UMAY,Innovator U.S. Equity Ultra Buffer ETF - May,Z
UMCX,Corgi UMC 2x Daily ETF,Z
UMDD,UltraPro MidCap400,P
UMI,USCF Midstream Energy Income Fund ETF,P
UMMA,Wahed Dow Jones Islamic World ETF,Q
UN,Corgi UNH 2x Daily ETF,Z
UNG,United States Natural Gas Fund LP,P
UNHG,Leverage Shares 2X Long UNH Daily ETF,Q
UNHU,Direxion Daily UNH Bull 2X ETF,P
UNHW,Roundhill UNH WeeklyPay ETF,Z
UNIY,WisdomTree Voya Yield Enhanced USD Universal Bond Fund,Q
UNL,United States 12 Month Natural Gas Fund,P
UNOV,Innovator U.S. Equity Ultra Buffer ETF - November,Z
UNX,Tradr 2X Long U Daily ETF,Z
UOCT,Innovator U.S. Equity Ultra Buffer ETF - October,Z
UPAL,ProShares Ultra Palladium K-1 Free ETF,P
UPAR,UPAR Ultra Risk Parity ETF,P
UPGD,Invesco Bloomberg Analyst Rating Improvers ETF,P
UPGR,Xtrackers US Green Infrastructure Select Equity ETF,Q
UPLT,ProShares Ultra Platinum K-1 Free ETF,P
UPRO,ProShares UltraPro S&P 500,P
UPSC,Corgi UPST 2x Daily ETF,Z
UPSD,Aptus Large Cap Upside ETF,Z
UPSX,Tradr 2X Long UPST Daily ETF,Z
UPV,ProShares Ultra FTSE Europe,P
UPW,ProShares Ultra Utilities,P
URA,Global X Uranium ETF,P
URAA,Direxion Daily Uranium Industry Bull 2X ETF,P
URAN,Themes Uranium & Nuclear ETF,Z
URE,ProShares Ultra Real Estate,P
URNJ,Sprott Junior Uranium Miners ETF,Q
URNM,Sprott Uranium Miners ETF,P
URSP,ProShares Ultra S&P 500 Equal Weight,P
URTH,iShares MSCI World ETF,P
URTY,ProShares UltraPro Russell2000,P
USAF,Atlas America Fund,Q
USAI,Pacer American Energy Infrastructure ETF,P
USAX,Tradr 2X Long USAR Daily ETF,Z
USCA,Xtrackers MSCI USA Climate Action Equity ETF,P
USCI,United States Commodity Index Fund ETV,P
USCL,iShares Climate Conscious & Transition MSCI USA ETF,Q
USD,ProShares Ultra Semiconductors,P
USDU,WisdomTree Bloomberg U.S. Dollar Bullish Fund,P
USDX,SGI Enhanced Core ETF,Q
USE,USCF Energy Commodity Strategy Absolute Return Fund,P
USEP,Innovator U.S. Equity Ultra Buffer ETF - September,Z
USEW,Cambria US EW ETF,Z
USFE,First Eagle US Equity ETF,P
USFI,BrandywineGLOBAL - U.S. Fixed Income ETF,Q
USFR,WisdomTree Floating Rate Treasury Fund,P
USG,USCF Gold Strategy Plus Income Fund,P
USGG,Leverage Shares 2X Long USAR Daily ETF,Q
USHY,iShares Broad USD High Yield Corporate Bond ETF,Z
USIG,iShares Broad USD Investment Grade Corporate Bond ETF,Q
USIN,WisdomTree 7-10 Year Laddered Treasury Fund,Q
USL,United States 12 Month Oil,P
USLN,iShares Broad USD Floating Rate Loan ETF,Z
USLV,Direxion Daily Silver Bull 2X ETF,P
USMC,Principal U.S. Mega-Cap ETF,Q
USMD,CoreValues America First Technology ETF,P
USMF,WisdomTree U.S. Multifactor Fund,Z
USML,ETRACS 2x Leveraged MSCI US Minimum Volatility Factor TR ETN,P
USMV,iShares MSCI USA Min Vol Factor ETF,Z
USNG,Amplify Samsung U.S. Natural Gas Infrastructure ETF,P
USNZ,Xtrackers Net Zero Pathway Paris Aligned US Equity ETF,P
USO,United States Oil Fund,P
USOI,"ETRACS Crude Oil Shares Covered Call ETNs due April 24, 2037",Q
USOY,Defiance Oil Enhanced Options Income ETF,Q
USPX,Franklin U.S. Equity Index ETF,P
USRT,iShares Core U.S. REIT ETF,P
USSE,Segall Bryant & Hamill Trust Segall Bryant & Hamill Select Equity ETF,P
USSG,Xtrackers MSCI USA Selection Equity ETF,P
USSH,WisdomTree 1-3 Year Laddered Treasury Fund,Q
UST,ProShares Ultra 7-10 Year Treasury,P
USTB,VictoryShares Short-Term Bond ETF,Q
USVM,VictoryShares US Small Mid Cap Value Momentum ETF,Q
USVN,US Treasury 7 Year Note ETF,Q
USX,Corgi Total U.S. Market 2x Daily ETF,Z
USXF,iShares ESG Advanced MSCI USA ETF,Q
UTEN,US Treasury 10 Year Note ETF,Q
UTES,Virtus Reaves Utilities ETF,P
UTHY,US Treasury 30 Year Bond ETF,Q
UTRE,US Treasury 3 Year Note ETF,Q
UTSL,Direxion Daily Utilities Bull 3X ETF,P
UTWO,US Treasury 2 Year Note ETF,Q
UTWY,US Treasury 20 Year Bond ETF,Q
UUP,Invesco DB USD Index Bullish Fund ETF,P
UUPP,Principal CLO ETF,Z
UUUC,Corgi UUUU 2x Daily ETF,Z
UUUG,Leverage Shares 2X Long UUUU Daily ETF,Q
UVIX,2x Long VIX Futures ETF,Z
UVXY,ProShares Ultra VIX Short Term Futures ETF,Z
UWM,ProShares Ultra Russell2000,P
UX,Roundhill Uranium ETF,Z
UXAP,FT Vest U.S. Equity Uncapped Accelerator ETF - April,Z
UXI,ProShares Ultra Industrials,P
UXJA,FT Vest U.S. Equity Uncapped Accelerator ETF - January,Z
UXJL,FT Vest U.S. Equity Uncapped Accelerator ETF - July,Z
UXOC,FT Vest U.S. Equity Uncapped Accelerator ETF - October,Z
UXRP,ProShares Ultra XRP ETF,P
UYG,ProShares Ultra Financials,P
UYLD,Angel Oak UltraShort Income ETF,Q
UYM,ProShares Ultra Materials,P
VABS,Virtus Newfleet ABS/MBS ETF,P
VAIE,VegaShares US Equity Autocallable Income ETF,P
VALG,Leverage Shares 2X Long VALE Daily ETF,Q
VALQ,American Century U.S. Quality Value ETF,P
VAMO,Cambria Value and Momentum ETF,Z
VAVX,VanEck Avalanche ETF,Q
VAW,Vanguard Materials ETF,P
VB,Vanguard Morningstar Small-Cap ETF,P
VBCA,Vanguard Target Maturity 2027 Corporate Bond ETF,Q
VBCB,Vanguard Target Maturity 2028 Corporate Bond ETF,Q
VBCC,Vanguard Target Maturity 2029 Corporate Bond ETF,Q
VBCD,Vanguard Target Maturity 2030 Corporate Bond ETF,Q
VBCE,Vanguard Target Maturity 2031 Corporate Bond ETF,Q
VBCF,Vanguard Target Maturity 2032 Corporate Bond ETF,Q
VBCG,Vanguard Target Maturity 2033 Corporate Bond ETF,Q
VBCH,Vanguard Target Maturity 2034 Corporate Bond ETF,Q
VBCI,Vanguard Target Maturity 2035 Corporate Bond ETF,Q
VBCJ,Vanguard Target Maturity 2036 Corporate Bond ETF,Q
VBIL,Vanguard 0-3 Month Treasury Bill ETF,Q
VBK,Vanguard Morningstar Small-Cap Growth ETF,P
VBNB,VanEck BNB ETF,Q
VBND,Vident U.S. Bond Strategy ETF,P
VBR,Vanguard Morningstar Small-Cap Value ETF,P
VBX,Corgi U.S. Small-Cap 2x Daily ETF,Z
VCEB,Vanguard ESG U.S. Corporate Bond ETF,Z
VCHY,Vanguard U.S. High-Yield Corporate Bond Index ETF,Z
VCIT,Vanguard Intermediate-Term Corporate Bond ETF,Q
VCLN,Virtus Duff & Phelps Clean Energy ETF,P
VCLT,Vanguard Long-Term Corporate Bond ETF,Q
VCOB,Voya Core Bond ETF,P
VCR,Vanguard Consumer Discretion ETF,P
VCRB,Vanguard Core Bond ETF,Q
VCRM,Vanguard Core Tax-Exempt Bond ETF,Z
VCSH,Vanguard Short-Term Corporate Bond ETF,Q
VDC,Vanguard Consumer Staples ETF,P
VDE,Vanguard Energy ETF,P
VDG,Vanguard Developed Markets ex-US Growth Index ETF,Z
VDI,Virtus International Dividend ETF,P
VDIG,Vanguard Wellington Dividend Growth Active ETF,Z
VDV,Vanguard Developed Markets ex-US Value Index ETF,Z
VEA,Vanguard FTSE Developed Markets ETF,P
VEFA,VanEck MSCI EAFE Analyst Sentiment ETF,Q
VEGA,AdvisorShares STAR Global Buy-Write ETF,P
VEGI,iShares MSCI Agriculture Producers ETF,P
VEGN,US Vegan Climate ETF,Z
VELL,Defiance Daily Target 2X Long VELO ETF,Z
VEM,Virtus Emerging Markets Dividend ETF,P
VEMY,Virtus Stone Harbor Emerging Markets High Yield Bond ETF,P
VERS,ProShares Metaverse ETF,P
VETZ,Academy Veteran Bond ETF,P
VEU,Vanguard FTSE All World Ex US ETF,P
VEXC,Vanguard Emerging Markets Ex-China ETF,P
VFH,Vanguard Financials ETF,P
VFLO,VictoryShares Free Cash Flow ETF,Q
VFMF,Vanguard U.S. Multifactor ETF,Z
VFMO,Vanguard U.S. Momentum Factor ETF,Z
VFMV,Vanguard U.S. Minimum Volatility ETF,Z
VFQY,Vanguard U.S. Quality Factor ETF,Z
VFVA,Vanguard U.S. Value Factor ETF,Z
VGHY,Vanguard High-Yield Active ETF,Z
VGIT,Vanguard Intermediate-Term Treasury ETF,Q
VGK,Vanguard FTSEEuropean ETF,P
VGLT,Vanguard Long-Term Treasury ETF,Q
VGMS,Vanguard Multi-Sector Income Bond ETF,Z
VGRO,Virtus Silvant Growth Opportunities ETF,P
VGSH,Vanguard Short-Term Treasury ETF,Q
VGSR,Vert Global Sustainable Real Estate ETF,Q
VGT,Vanguard Information Tech ETF,P
VGUS,Vanguard Ultra-Short Treasury ETF,Q
VGVT,Vanguard Government Securities Active ETF,P
VHT,Vanguard Health Care ETF,P
VIAG,Leverage Shares 2X Long VIAV Daily ETF,Z
VICE,AdvisorShares Vice ETF,P
VIDI,Vident International Equity Strategy ETF,P
VIG,Vanguard Div Appreciation ETF,P
VIGI,Vanguard International Dividend Appreciation ETF,Q
VIOG,Vanguard S&P Small-Cap 600 Growth ETF,P
VIOO,Vanguard S&P Small-Cap 600 ETF,P
VIOV,Vanguard S&P Small-Cap 600 Value ETF,P
VIS,Vanguard Industrials ETF,P
VIXM,VIX Mid-Term Futures ETF,Z
VIXY,VIX Short-Term Futures ETF,Z
VLLU,Harbor AlphaEdge Large Cap Value ETF,P
VLU,State Street SPDR S&P 1500 Value Tilt ETF,P
VLUE,iShares MSCI USA Value Factor ETF,Z
VMAX,Hartford US Value ETF,Z
VMBS,Vanguard Mortgage-Backed Securities ETF,Q
VMSB,Voya Multi-Sector Income ETF,P
VNAM,Global X MSCI Vietnam ETF,P
VNIE,Vontobel International Equity Active ETF,P
VNLA,Janus Henderson Short Duration Income ETF,P
VNM,VanEck Vietnam ETF,Z
VNQ,Vanguard Real Estate ETF,P
VNQI,Vanguard Global ex-U.S. Real Estate ETF,Q
VNSE,Natixis Vaughan Nelson Select ETF,P
VO,Vanguard Morningstar Mid-Cap ETF,P
VOE,Vanguard Morningstar Mid-Cap Value ETF,P
VOLT,Tema Electrification ETF,Q
VONE,Vanguard Russell 1000 ETF,Q
VONG,Vanguard Russell 1000 Growth ETF,Q
VONV,Vanguard Russell 1000 Value ETF,Q
VOO,Vanguard S&P 500 ETF,P
VOOG,Vanguard S&P 500 Growth ETF,P
VOOV,Vanguard S&P 500 Value ETF,P
VOOX,Corgi U.S. Large-Cap 2x Daily ETF,Z
VOT,Vanguard Morningstar Mid-Cap Growth ETF,P
VOTE,TCW Transform 500 ETF,Q
VOX,Vanguard Communication Services  ETF,P
VOXP,Vox Populi ETF,Z
VPC,Virtus Private Credit Strategy ETF,P
VPFF,Virtus InfraCap Preferred and Income Securities ETF,P
VPL,Vanguard FTSE Pacific ETF,P
VPLS,Vanguard Core Plus Bond ETF,Q
VPU,Vanguard Utilities ETF,P
VPX,Variant Perception Cycle Aware US Equity ETF,P
VRAI,Virtus Real Asset Income ETF,P
VRC,Corgi VRT 2x Daily ETF,Z
VRIG,Invesco Variable Rate Investment Grade ETF,Q
VRP,Invesco Variable Rate Preferred ETF,P
VRTL,GraniteShares 2x Long VRT Daily ETF,Q
VSDA,VictoryShares Dividend Accelerator ETF,Q
VSDB,Vanguard Short Duration Bond ETF,Z
VSDM,Vanguard Short Duration Tax-Exempt Bond ETF,Z
VSGX,Vanguard ESG International Stock ETF,Z
VSHY,Virtus Newfleet Short Duration High Yield Bond ETF,P
VSLU,Applied Finance Valuation Large Cap ETF,P
VSMV,VictoryShares US Multi-Factor Minimum Volatility ETF,Q
VSOL,VanEck Solana ETF,Q
VSS,Vanguard FTSE All-Wld ex-US SmCp Idx ETF,P
VSTL,Defiance Daily Target 2X Long VST ETF,Q
VT,Vanguard Total World Stock Index ETF,P
VTC,Vanguard Total Corporate Bond ETF,Q
VTEB,Vanguard Tax-Exempt Bond ETF,P
VTEC,Vanguard California Tax-Exempt Bond ETF,Z
VTEI,Vanguard Tax-Managed Funds Vanguard Intermediate-Term Tax-Exempt Bond ETF,Z
VTEL,Vanguard Long-Term Tax-Exempt Bond ETF,Z
VTES,Vanguard Wellington Fund Vanguard Short-Term Tax Exempt Bond ETF,P
VTG,Vanguard Total Treasury ETF,P
VTHR,Vanguard Russell 3000 ETF,Q
VTI,Vanguard Morningstar Total Stock Market ETF,P
VTIP,Vanguard Short-Term Inflation-Protected Securities Index Fund ETF Shares,Q
VTP,Vanguard Total Inflation-Protected Securities ETF,P
VTV,Vanguard Morningstar Value ETF,P
VTWG,Vanguard Russell 2000 Growth ETF,Q
VTWO,Vanguard Russell 2000 ETF,Q
VTWV,Vanguard Russell 2000 Value ETF,Q
VUG,Vanguard Morningstar Growth ETF,P
VUS,Virtus US Dividend ETF,P
VUSB,Vanguard Ultra-Short Bond ETF,Z
VUSE,Vident U.S. Equity Strategy ETF,P
VUSG,Vanguard Wellington U.S. Growth Active ETF,Z
VUSI,Voya Ultra Short Income ETF,P
VUSV,Vanguard Wellington U.S. Value Active ETF,Z
VV,Vanguard Morningstar Large-Cap ETF,P
VWO,Vanguard FTSE Emerging Markets ETF,P
VWOB,Vanguard Emerging Markets Government Bond ETF,Q
VXF,Vanguard Extended Market ETF,P
VXUS,Vanguard Total International Stock ETF,Q
VYLD,"Inverse VIX Short-Term Futures ETNs due March 22, 2045",P
VYM,Vanguard High Dividend Yield ETF,P
VYMI,Vanguard International High Dividend Yield ETF,Q
WABF,Western Asset Bond ETF,Q
WAGN,Pabrai Wagons ETF,P
WAMA,WisdomTree US Adaptive Moving Average Fund,Q
WANT,Direxion Daily Consumer Discretionary Bull 3X ETF,P
WAR,U.S. Global Technology and Aerospace & Defense ETF,P
WARP,VanEck Space ETF,Q
WATS,Corgi Battery Energy Storage Systems ETF,Z
WBIF,WBI BullBear Value 3000 ETF,P
WBIG,WBI BullBear Yield 3000 ETF,P
WBIL,WBI BullBear Quality 3000 ETF,P
WBIY,WBI Power Factor High Dividend ETF,N
WCAP,WarCap Unconstrained Equity ETF,P
WCBR,WisdomTree Cybersecurity Fund,Q
WCEO,Hypatia Women CEO ETF,P
WCLD,WisdomTree Cloud Computing Fund,Q
WCME,First Trust WCM Developing World Equity ETF,P
WCMG,First Trust WCM Global Equity ETF,P
WCMI,First Trust WCM International Equity ETF,P
WCPB,Weitz Core Plus Bond ETF,P
WDAF,WisdomTree Asia Defense Fund,Q
WDAI,Pacer S&P World 3AI Top 300 ETF,Z
WDCC,Corgi WDC 2x Daily ETF,Z
WDCX,Tradr 2X Long WDC Daily ETF,Z
WDE,Principal Securitized Debt ETF,Z
WDEF,WisdomTree Europe Defense Fund,P
WDGF,WisdomTree Global Defense Fund,Q
WDIG,WisdomTree Efficient Rare Earth Plus Strategic Metals Fund,Z
WDIV,State Street SPDR S&P Global Dividend ETF,P
WDNA,WisdomTree BioRevolution Fund,Z
WDRN,"WisdomTree Physical AI, Humanoids and Drones Fund",Z
WDTE,Defiance S&P 500 Weekly Distribution ETF,P
WEAT,Teucrium Wheat Fund ETV,P
WEBL,Direxion Daily Dow Jones Internet Bull 3X ETF,P
WEBS,Direxion Daily Dow Jones Internet Bear 3X ETF,P
WEBX,Corgi Chinese Internet 2x Daily ETF,Z
WEED,Roundhill Cannabis ETF,Z
WEEI,Westwood Salient Enhanced Energy Income ETF,Q
WEEK,Roundhill Weekly T-Bill ETF,Z
WEEL,Peerless Option Income Wheel ETF,P
WELD,Tema U.S. Manufacturing & Reshoring ETF,P
WEPN,Nicholas Defense and Rare Earth Income ETF,P
WGMI,CoinShares Bitcoin Mining ETF,Q
WIMA,WisdomTree International Adaptive Moving Average Fund,Q
WINN,Harbor Long-Term Growers ETF,N
WIP,State Street SPDR FTSE International Government Inflation-Protected Bond ETF,P
WISE,Themes Generative Artificial Intelligence ETF,Q
WLDR,Simplify Affinity World Leaders Equity ETF,Z
WLDU,Leverage Shares 2x Long World Stock Daily ETF,Z
WLTG,WealthTrust DBS Long Term Growth ETF,N
WMSB,Weitz Multisector Bond ETF,P
WMTI,REX WMT Growth & Income ETF,Z
WNDR,Corgi Travel & Leisure ETF,Z
WNTR,YieldMax MSTR Short Option Income Strategy ETF,P
WOMN,Impact Shares Women's Empowerment ETF,P
WOOD,iShares Global Timber & Forestry ETF,Q
WQTM,WisdomTree Quantum Computing Fund,Z
WR,Corgi U.S. War Machine ETF,Z
WRND,NYLI Global Equity R&D Leaders ETF,Q
WRTH,Worth Charting Options Income ETF,Q
WSDB,Weitz Short Duration Bond ETF,P
WSGE,Warren Street Global Equity ETF,Q
WSMD,Wasatch Small/Mid Cap ETF,P
WSML,iShares MSCI World Small-Cap ETF,Q
WSPC,WisdomTree Space Economy Fund,Q
WTAI,WisdomTree Artificial Intelligence and Innovation Fund,Z
WTBN,WisdomTree Bianco Total Return Fund,Q
WTIB,USCF Oil Plus Bitcoin Strategy Fund,P
WTID,MicroSectors Energy 3X Inverse Leveraged ETNs,P
WTIP,WisdomTree Inflation Plus Fund,Q
WTIU,MicroSectors Energy 3X Leveraged ETNs,P
WTLS,WisdomTree Efficient Long/Short U.S. Equity Fund,Z
WTMF,WisdomTree Managed Futures Strategy Fund,P
WTMU,WisdomTree Core Laddered Municipal Fund,Q
WTMY,WisdomTree High Income Laddered Municipal Fund,Q
WTPI,WisdomTree Equity Premium Income Fund,P
WTRE,WisdomTree New Economy Real Estate Fund,P
WTV,WisdomTree U.S. Value Fund,P
WUGI,AXS Esoterica NextG Economy ETF,Z
WULX,Tradr 2X Long WULF Daily ETF,Z
WWJD,Inspire International ETF,P
WX,Corgi All World 2x Daily ETF,Z
WXET,Teucrium 2x Daily Wheat ETF,P
WYFL,Defiance Daily Target 2X Long WYFI ETF,Z
WZRD,Opportunistic Trader ETF,Z
XA,Corgi AI Cybersecurity ETF,Z
XAGG,Eaton Vance Income Opportunities ETF,P
XAGI,Corgi AGIX 2x Daily ETF,Z
XAIX,Xtrackers Artificial Intelligence and Big Data ETF,Q
XAPR,FT Vest U.S. Equity Enhance & Moderate Buffer ETF - April,Z
XAR,State Street SPDR S&P Aerospace & Defense ETF,P
XAUG,FT Vest U.S. Equity Enhance & Moderate Buffer ETF - August,Z
XB,BondBloxx B-Rated USD High Yield Corporate Bond ETF,P
XBAP,Innovator U.S. Equity Accelerated 9 Buffer ETF - April,Z
XBB,BondBloxx BB-Rated USD High Yield Corporate Bond ETF,P
XBCI,NEOS Boosted Bitcoin High Income ETF,Q
XBFR,Innovator Equity Managed 10 Buffer ETF,P
XBI,State Street SPDR S&P Biotech ETF,P
XBIL,US Treasury 6 Month Bill ETF,Q
XBIX,Corgi U.S. Biotech 2x Daily ETF,Z
XBJA,Innovator U.S. Equity Accelerated 9 Buffer ETF - January,Z
XBJL,Innovator U.S. Equity Accelerated 9 Buffer ETF - July,Z
XBNB,Teucrium xETFs 2x Long Daily BNB ETF,P
XBOC,Innovator U.S. Equity Accelerated 9 Buffer ETF - October,Z
XBOX,Roundhill Ultra Short Duration No Dividend Target ETF,Z
XBTY,GraniteShares YieldBOOST Bitcoin ETF,Q
XC,WisdomTree True Emerging Markets Fund,P
XCCC,BondBloxx CCC-Rated USD High Yield Corporate Bond ETF,P
XCEM,Columbia EM Core ex-China ETF,P
XCHG,AB US Equity ETF,P
XCLR,Global X S&P 500 Collar 95-110 ETF,P
XCNY,State Street SPDR S&P Emerging Markets ex-China ETF,Q
XCOM,Corgi All Commodities 2x Daily ETF,Z
XCOR,FundX ETF,P
XDAT,Franklin Exponential Data ETF,Z
XDEC,FT Vest U.S. Equity Enhance & Moderate Buffer ETF - December,Z
XDEF,Xtrackers Europe Defense Technologies ETF,Q
XDIV,Roundhill S&P 500 No Dividend Target ETF,Z
XDQQ,Innovator Growth Accelerated ETF - Quarterly,Z
XDSQ,Innovator U.S. Equity Accelerated ETF - Quarterly,Z
XDTE,Roundhill S&P 500 0DTE Covered Call Strategy ETF,Z
XEMD,BondBloxx JP Morgan USD Emerging Markets 1-10 Year Bond ETF,Z
XEML,Xtrackers Europe Market Leaders ETF,Z
XES,State Street SPDR S&P Oil & Gas Equipment & Services ETF,P
XEUR,Corgi Europe Equities 2x Daily ETF,Z
XEY,GraniteShares YieldBOOST Ether ETF,Q
XFEB,FT Vest U.S. Equity Enhance & Moderate Buffer ETF - February,Z
XFIV,BondBloxx Bloomberg Five Year Target Duration US Treasury ETF,P
XFLX,FundX Flexible ETF,P
XHB,State Street SPDR S&P Homebuilders ETF,P
XHE,State Street SPDR S&P Health Care Equipment ETF,P
XHLF,BondBloxx Bloomberg Six Month Target Duration US Treasury ETF,P
XHOA,Corgi U.S. Real Estate 2x Daily ETF,Z
XHS,State Street SPDR S&P Health Care Services ETF,P
XIDE,FT Vest U.S. Equity Buffer & Premium Income  ETF - December,Z
XIDV,Franklin International Dividend Booster Index ETF,P
XIGV,Defiance US 100 Tech Ex Software ETF,Z
XIJN,FT Vest U.S. Equity Buffer & Premium Income ETF - June,Z
XIMR,FT Vest U.S. Equity Buffer & Premium Income ETF - March,Z
XISE,FT Vest U.S. Equity Buffer & Premium Income ETF - September,Z
XITK,State Street SPDR FactSet Innovative Technology ETF,P
XIWC,Corgi U.S. Micro-Cap 2x Daily ETF,Z
XJAN,FT Vest U.S. Equity Enhance & Moderate Buffer ETF - January,Z
XJH,iShares ESG Select Screened S&P Mid-Cap ETF,Z
XJR,iShares ESG Select Screened S&P Small-Cap ETF,Z
XJUL,FT Vest U.S. Equity Enhance & Moderate Buffer ETF - July,Z
XJUN,FT Vest U.S. Equity Enhance & Moderate Buffer ETF - June,Z
XKRE,Corgi U.S. Regional Banks 2x Daily ETF,Z
XLB,State Street Materials Select Sector SPDR ETF,P
XLBI,State Street Materials Select Sector SPDR Premium Income ETF,P
XLBX,Corgi U.S. Materials 2x Daily ETF,Z
XLC,State Street Communication Services Select Sector SPDR ETF,P
XLCI,State Street Communication Services Select Sector SPDR Premium Income ETF,P
XLE,State Street Energy Select Sector SPDR ETF,P
XLEI,State Street Energy Select Sector SPDR Premium Income ETF,P
XLEX,Corgi U.S. Energy 2x Daily ETF,Z
XLF,State Street Financial Select Sector SPDR ETF,P
XLFI,State Street Financial Select Sector SPDR Premium Income ETF,P
XLFX,Corgi U.S. Financials 2x Daily ETF,Z
XLG,Invesco S&P 500 Top 50 ETF,P
XLI,State Street Industrial Select Sector SPDR ETF,P
XLII,State Street Industrial Select Sector SPDR Premium Income ETF,P
XLIX,Corgi U.S. Industrials 2x Daily ETF,Z
XLK,State Street Technology Select Sector SPDR ETF,P
XLKI,State Street Technology Select Sector SPDR Premium Income ETF,P
XLKX,Corgi U.S. Technology 2x Daily ETF,Z
XLP,State Street Consumer Staples Select Sector SPDR ETF,P
XLPX,Corgi U.S. Consumer Staples 2x Daily ETF,Z
XLRE,State Street Real Estate Select Sector SPDR ETF,P
XLRI,State Street Real Estate Select Sector SPDR Premium Income ETF,P
XLSI,State Street Consumer Staples Select Sector SPDR Premium Income ETF,P
XLSR,State Street US Sector Rotation ETF,P
XLU,State Street Utilities Select Sector SPDR ETF,P
XLUI,State Street Utilities Select Sector SPDR Premium Income ETF,P
XLUX,Corgi U.S. Utilities 2x Daily ETF,Z
XLV,State Street Health Care Select Sector SPDR ETF,P
XLVI,State Street Health Care Select Sector SPDR Premium Income ETF,P
XLVX,Corgi U.S. Healthcare 2x Daily ETF,Z
XLY,State Street Consumer Discretionary Select Sector SPDR ETF,P
XLYI,State Street Consumer Discretionary Select Sector SPDR Premium Income ETF,P
XLYX,Corgi U.S. Consumer Discretionary 2x Daily ETF,Z
XMAG,Defiance Large Cap ex-Mag 7 ETF,Q
XMAR,FT Vest U.S. Equity Enhance & Moderate Buffer ETF - March,Z
XMAY,FT Vest U.S. Equity Enhance & Moderate Buffer ETF - May,Z
XME,State Street SPDR S&P Metals & Mining ETF,P
XMHQ,Invesco S&P MidCap Quality ETF,P
XMLV,Invesco S&P MidCap Low Volatility ETF,P
XMMO,Invesco S&P MidCap Momentum ETF,P
XMPT,VanEck CEF Muni Income ETF,Z
XMVM,Invesco S&P MidCap Value with Momentum ETF,P
XNAV,FundX Aggressive ETF,P
XNDX,Tradr 2X Long XNDU Daily ETF,Z
XNOV,FT Vest U.S. Equity Enhance & Moderate Buffer ETF - November,Z
XNTK,State Street SPDR NYSE Technology ETF,P
XOCT,FT Vest U.S. Equity Enhance & Moderate Buffer ETF - October,Z
XOEF,iShares S&P 500 ex S&P 100 ETF,P
XOEX,Xtrackers S&P 100 Ex Top 20 ETF,Z
XOMO,YieldMax XOM Option Income Strategy ETF,P
XOMX,Direxion Daily XOM Bull 2X ETF,Q
XONE,BondBloxx Bloomberg One Year Target Duration US Treasury ETF,P
XOP,State Street SPDR S&P Oil & Gas Exploration & Production ETF,P
XOVL,Defiance Daily Target 2X Long XOVR ETF,Z
XOVR,ERShares Private-Public Crossover ETF,Q
XPAV,Corgi U.S. Infrastructure 2x Daily ETF,Z
XPAY,Roundhill S&P 500 Target 20 Managed Distribution ETF,P
XPEG,Leverage Shares 2X Long XPEV Daily ETF,Q
XPH,State Street SPDR S&P Pharmaceuticals ETF,P
XPND,First Trust Expanded Technology ETF,P
XPP,ProShares Ultra FTSE China 50,P
XQQI,NEOS Boosted Nasdaq-100 High Income ETF,Q
XQTM,Corgi Quantum Computing 2x Daily ETF,Z
XRLX,FundX Conservative ETF,P
XRMI,Global X S&P 500 Risk Managed Income ETF,P
XRP,Bitwise XRP ETF,P
XRPC,Canary XRP ETF,Q
XRPI,Volatility Shares Trust XRP ETF,Q
XRPM,Amplify XRP 3% Monthly Option Income ETF,Z
XRPR,REX-Osprey XRP ETF,Z
XRPT,Volatility Shares Trust XRP 2X ETF,Q
XRPZ,Franklin XRP ETF,P
XRT,State Street SPDR S&P Retail ETF,P
XSD,State Street SPDR S&P Semiconductor ETF,P
XSEM,Corgi U.S. Semiconductors 2x Daily ETF,Z
XSEP,FT Vest U.S. Equity Enhance & Moderate Buffer ETF - September,Z
XSHD,Invesco S&P SmallCap High Dividend Low Volatility ETF,Z
XSHP,Kurv SpaceX Enhanced Income ETF,Z
XSHQ,Invesco S&P SmallCap Quality ETF,Z
XSLV,Invesco S&P SmallCap Low Volatility ETF,P
XSMO,Invesco S&P SmallCap Momentum ETF,P
XSOE,WisdomTree Emerging Markets Ex-State Owned Enterprises Fund,P
XSPC,VegaShares SpaceX & Beyond Earth ETF,Q
XSPI,NEOS Boosted S&P 500 High Income ETF,Q
XSVM,Invesco S&P SmallCap Value with Momentum ETF,P
XSVN,BondBloxx Bloomberg Seven Year Target Duration US Treasury ETF,P
XSW,State Street SPDR S&P Software & Services ETF,P
XT,iShares Future Exponential Technologies ETF,Q
XTAI,Corgi Taiwan 2x Daily ETF,Z
XTAP,Innovator U.S. Equity Accelerated Plus ETF - April,Z
XTEN,BondBloxx Bloomberg Ten Year Target Duration US Treasury ETF,P
XTJA,Innovator U.S. Equity Accelerated Plus ETF - January,Z
XTJL,Innovator U.S. Equity Accelerated Plus ETF - July,Z
XTL,State Street SPDR S&P Telecom ETF,P
XTN,State Street SPDR S&P Transportation ETF,P
XTOC,Innovator U.S. Equity Accelerated Plus ETF - October,Z
XTR,Global X S&P 500 Tail Risk ETF,P
XTRE,BondBloxx Bloomberg Three Year Target Duration US Treasury ETF,P
XTWO,BondBloxx Bloomberg Two Year Target Duration US Treasury ETF,P
XTWY,BondBloxx Bloomberg Twenty Year Target Duration US Treasury ETF,P
XUDV,Franklin U.S. Dividend Booster Index ETF,P
XUSP,Innovator Uncapped Accelerated U.S. Equity ETF,Z
XV,Simplify Target 15 Distribution ETF,P
XVO,Corgi U.S. Mid-Cap 2x Daily ETF,Z
XVUG,Corgi U.S. Growth 2x Daily ETF,Z
XVV,iShares ESG Select Screened S&P 500 ETF,Z
XW,Corgi Ex-U.S. Equities 2x Daily ETF,Z
XXRP,Teucrium 2x Long Daily XRP ETF,P
XXV,Simplify Ancorato Target 25 Distribution ETF,P
XXX,CYBER HORNET S&P 500 and XRP 75/25 Strategy ETF,Q
XYLD,Global X S&P 500 Covered Call ETF,P
XYLG,Global X S&P 500 Covered Call & Growth ETF,P
XYZG,Leverage Shares 2X Long XYZ Daily ETF,Q
XYZY,YieldMax XYZ Option Income Strategy ETF,P
YALL,Truth Social God Bless America ETF,P
YANG,Direxion Daily FTSE China Bear 3X ETF,P
YBIT,YieldMax Bitcoin Option Income Strategy ETF,P
YBMN,Defiance BMNR Option Income ETF,Q
YBST,GraniteShares YieldBoost Single Stock Universe ETF,Q
YBTC,Roundhill Bitcoin Covered Call Strategy ETF,Z
YBTY,GraniteShares YieldBoost TopYielders ETF,Q
YCL,ProShares Ultra Yen,P
YCLO,Franklin BSP CLO ETF,P
YCS,ProShares UltraShort Yen New,P
YDEC,FT Vest International Equity Moderate Buffer ETF - December,Z
YEAR,AB Ultra Short Income ETF,P
YETH,Roundhill Ether Covered Call Strategy ETF,Z
YFFI,Indexperts Yield Focused Fixed Income ETF,P
YFYA,Yields for You Income Strategy A ETF,P
YGLD,Simplify Gold Strategy ETF,P
YINN,Direxion Daily FTSE China Bull 3X ETF,P
YJUN,FT Vest International Equity Moderate Buffer ETF - June,Z
YLD,Principal Active High Yield ETF,P
YLDE,Franklin ClearBridge Enhanced Income ETF,Q
YLDW,Westwood Enhanced Income Opportunity ETF,P
YMAG,YieldMax Magnificent 7 Fund of Option Income ETFs,P
YMAR,FT Vest International Equity Moderate Buffer ETF - March,Z
YMAX,YieldMax Universe Fund of Option Income ETFs,P
YNOT,Horizon Digital Frontier ETF,Q
YOKE,YOKE Core ETF,Q
YOLO,AdvisorShares Pure Cannabis ETF,P
YQQQ,YieldMax Short N100 Option Income Strategy ETF,Q
YSAG,Y'all Street Physical Silver ETF,Q
YSAU,Y'all Street Physical Gold ETF,Q
YSEP,FT Vest International Equity Buffer ETF - September,Z
YSPC,YieldMax SPCX Option Income Strategy ETF,P
YSPY,GraniteShares YieldBOOST SPY ETF,Q
YUNG,Corgi Longevity Consumer ETF,Z
YXI,ProShares Short FTSE China 50,P
YYY,Amplify CEF High Income ETF,P
YYYM,Amplify Municipal CEF High Income ETF,P
ZALT,Innovator U.S. Equity 10 Buffer ETF - Quarterly,Z
ZAP,Global X U.S. Electrification ETF,Q
ZAPR,Innovator Equity Defined Protection ETF - 1 Yr April,Z
ZAUG,Innovator Equity Defined Protection ETF - 1 Yr August,Z
ZCBA,Global X Zero Coupon Bond 2030 ETF,P
ZCBB,Global X Zero Coupon Bond 2031 ETF,P
ZCBC,Global X Zero Coupon Bond 2032 ETF,P
ZCBE,Global X Zero Coupon Bond 2033 ETF,P
ZCBF,Global X Zero Coupon Bond 2034 ETF,P
ZCBG,Global X Zero Coupon Bond 2035 ETF,P
ZDEK,Innovator Equity Defined Protection ETF - 1 Yr December,Z
ZECP,Zacks Earnings Consistent Portfolio ETF,Z
ZETX,Defiance Daily Target 2x Long ZETA ETF,P
ZFEB,Innovator Equity Defined Protection ETF - 1 Yr February,Z
ZHDG,ZEGA Buy and Hedge ETF,P
ZHOG,F/m Opportunistic Income ETF,Q
ZIG,The Acquirers Fund,P
ZINC,Zacks Income ETF,P
ZJAN,Innovator Equity Defined Protection ETF - 1 Yr January,Z
ZJUL,Innovator Equity Defined Protection ETF - 1 Yr July,Z
ZJUN,Innovator Equity Defined Protection ETF - 1 Yr June,Z
ZMAR,Innovator Equity Defined Protection ETF - 1 Yr March,Z
ZMAY,Innovator Equity Defined Protection ETF - 1 Yr May,Z
ZMUN,F/m Ultrashort Tax-Free Municipal ETF,Q
ZNOV,Innovator Equity Defined Protection ETF - 1 Yr November,Z
ZOCT,Innovator Equity Defined Protection ETF - 1 Yr October,Z
ZROZ,PIMCO 25  Year Zero Coupon U.S. Treasury Index Exchange-Traded Fund,P
ZSB,USCF Sustainable Battery Metals Strategy Fund,P
ZSC,USCF Sustainable Commodity Strategy Fund,P
ZSEP,Innovator Equity Defined Protection ETF - 1 Yr September,Z
ZSL,ProShares UltraShort Silver,P
ZTAX,X-Square Municipal Income ETF,P
ZTEN,F/m 10-Year Investment Grade Corporate Bond ETF,Q
ZTOP,F/m High Yield 100 ETF,Q
ZTRE,F/m 3-Year Investment Grade Corporate Bond ETF,Q
ZTWO,F/m 2-Year Investment Grade Corporate Bond ETF,Q
ZVOL,Volatility Premium Plus ETF,Z
